branch,run_id,run_started_at,job_id,job_name,duration_seconds,conclusion
guru/refactor/rust-hamt-state-res,32446205416,2026-08-21T04:13:59Z,96666132783,"changes",3,success
guru/refactor/rust-hamt-state-res,32446205416,2026-08-21T04:13:59Z,96666132938,"lint-crlf",6,success
guru/refactor/rust-hamt-state-res,32446205416,2026-08-21T04:13:59Z,96666133877,"lint-newsfile",-1,skipped
guru/refactor/rust-hamt-state-res,32446205416,2026-08-21T04:13:59Z,96666147394,"check-sampleconfig",183,success
guru/refactor/rust-hamt-state-res,32446205416,2026-08-21T04:13:59Z,96666147400,"Typechecking",195,success
guru/refactor/rust-hamt-state-res,32446205416,2026-08-21T04:13:59Z,96666147402,"lint-clippy",68,success
guru/refactor/rust-hamt-state-res,32446205416,2026-08-21T04:13:59Z,96666147429,"lint-clippy-nightly",73,success
guru/refactor/rust-hamt-state-res,32446205416,2026-08-21T04:13:59Z,96666147440,"check-schema-delta",22,success
guru/refactor/rust-hamt-state-res,32446205416,2026-08-21T04:13:59Z,96666147480,"lint-rust",166,success
guru/refactor/rust-hamt-state-res,32446205416,2026-08-21T04:13:59Z,96666147490,"lint-rustfmt",26,success
guru/refactor/rust-hamt-state-res,32446205416,2026-08-21T04:13:59Z,96666147492,"lint",181,success
guru/refactor/rust-hamt-state-res,32446205416,2026-08-21T04:13:59Z,96666148150,"lint-golangci",0,skipped
guru/refactor/rust-hamt-state-res,32446205416,2026-08-21T04:13:59Z,96666148209,"lint-readme",0,skipped
guru/refactor/rust-hamt-state-res,32446205416,2026-08-21T04:13:59Z,96666716608,"linting-done",6,success
guru/refactor/rust-hamt-state-res,32446205416,2026-08-21T04:13:59Z,96666742897,"trial-olddeps",619,success
guru/refactor/rust-hamt-state-res,32446205416,2026-08-21T04:13:59Z,96666742908,"cargo-bench",138,success
guru/refactor/rust-hamt-state-res,32446205416,2026-08-21T04:13:59Z,96666742911,"portdb (3.10, 14)",326,success
guru/refactor/rust-hamt-state-res,32446205416,2026-08-21T04:13:59Z,96666742923,"cargo-test",95,success
guru/refactor/rust-hamt-state-res,32446205416,2026-08-21T04:13:59Z,96666742965,"calculate-test-jobs",9,success
guru/refactor/rust-hamt-state-res,32446205416,2026-08-21T04:13:59Z,96666742975,"portdb (3.13, 17)",308,success
guru/refactor/rust-hamt-state-res,32446205416,2026-08-21T04:13:59Z,96666743060,"complement / complement (workers, Postgres (hybrid, tikv))",1941,success
guru/refactor/rust-hamt-state-res,32446205416,2026-08-21T04:13:59Z,96666743128,"complement / complement (workers, Postgres)",1872,failure
guru/refactor/rust-hamt-state-res,32446205416,2026-08-21T04:13:59Z,96666743154,"complement / complement (monolith, SQLite)",983,success
guru/refactor/rust-hamt-state-res,32446205416,2026-08-21T04:13:59Z,96666743169,"complement / complement (hybrid, Postgres (hybrid, tikv))",1151,success
guru/refactor/rust-hamt-state-res,32446205416,2026-08-21T04:13:59Z,96666743177,"complement / complement (monolith, Postgres)",1247,success
guru/refactor/rust-hamt-state-res,32446205416,2026-08-21T04:13:59Z,96666743193,"complement / complement (hybrid, SQLite (hybrid, tikv))",1154,success
guru/refactor/rust-hamt-state-res,32446205416,2026-08-21T04:13:59Z,96666743981,"trial-pypy",0,skipped
guru/refactor/rust-hamt-state-res,32446205416,2026-08-21T04:13:59Z,96666776062,"trial (3.13, sqlite, all)",496,success
guru/refactor/rust-hamt-state-res,32446205416,2026-08-21T04:13:59Z,96666776078,"trial (3.10, postgres, 14, all)",1240,success
guru/refactor/rust-hamt-state-res,32446205416,2026-08-21T04:13:59Z,96666776088,"sytest (bookworm)",671,success
guru/refactor/rust-hamt-state-res,32446205416,2026-08-21T04:13:59Z,96666776093,"trial (3.10, sqlite, all)",607,success
guru/refactor/rust-hamt-state-res,32446205416,2026-08-21T04:13:59Z,96666776104,"trial (3.10, sqlite)",336,success
guru/refactor/rust-hamt-state-res,32446205416,2026-08-21T04:13:59Z,96666776126,"sytest (bookworm, multi-postgres, workers)",1260,success
guru/refactor/rust-hamt-state-res,32446205416,2026-08-21T04:13:59Z,96666776146,"sytest (bookworm, postgres)",965,success
guru/refactor/rust-hamt-state-res,32446205416,2026-08-21T04:13:59Z,96666776152,"sytest (bookworm, multi-postgres, workers, asyncio)",1308,success
guru/refactor/rust-hamt-state-res,32446205416,2026-08-21T04:13:59Z,96666776201,"trial (3.13, postgres, 17, all)",1224,success
guru/refactor/rust-hamt-state-res,32446205416,2026-08-21T04:13:59Z,96667641845,"export-data",247,success
guru/refactor/rust-hamt-state-res,32446205416,2026-08-21T04:13:59Z,96671927128,"tests-done",5,failure
guru/refactor/rust-hamt-state-res,32456142682,2026-08-21T06:52:00Z,96693699288,"lint-crlf",7,success
guru/refactor/rust-hamt-state-res,32456142682,2026-08-21T06:52:00Z,96693699479,"changes",3,success
guru/refactor/rust-hamt-state-res,32456142682,2026-08-21T06:52:00Z,96693699852,"lint-newsfile",0,skipped
guru/refactor/rust-hamt-state-res,32456142682,2026-08-21T06:52:00Z,96693717117,"lint",144,success
guru/refactor/rust-hamt-state-res,32456142682,2026-08-21T06:52:00Z,96693717141,"check-sampleconfig",67,success
guru/refactor/rust-hamt-state-res,32456142682,2026-08-21T06:52:00Z,96693717154,"check-schema-delta",24,success
guru/refactor/rust-hamt-state-res,32456142682,2026-08-21T06:52:00Z,96693717156,"lint-rustfmt",23,success
guru/refactor/rust-hamt-state-res,32456142682,2026-08-21T06:52:00Z,96693717162,"lint-clippy-nightly",20,success
guru/refactor/rust-hamt-state-res,32456142682,2026-08-21T06:52:00Z,96693717164,"Typechecking",74,success
guru/refactor/rust-hamt-state-res,32456142682,2026-08-21T06:52:00Z,96693717220,"lint-rust",57,success
guru/refactor/rust-hamt-state-res,32456142682,2026-08-21T06:52:00Z,96693717256,"lint-clippy",22,success
guru/refactor/rust-hamt-state-res,32456142682,2026-08-21T06:52:00Z,96693718439,"lint-readme",-1,skipped
guru/refactor/rust-hamt-state-res,32456142682,2026-08-21T06:52:00Z,96693718521,"lint-golangci",-1,skipped
guru/refactor/rust-hamt-state-res,32456142682,2026-08-21T06:52:00Z,96694189318,"linting-done",2,success
guru/refactor/rust-hamt-state-res,32456142682,2026-08-21T06:52:00Z,96694202724,"cargo-test",36,success
guru/refactor/rust-hamt-state-res,32456142682,2026-08-21T06:52:00Z,96694202726,"cargo-bench",70,success
guru/refactor/rust-hamt-state-res,32456142682,2026-08-21T06:52:00Z,96694202745,"calculate-test-jobs",9,success
guru/refactor/rust-hamt-state-res,32456142682,2026-08-21T06:52:00Z,96694202785,"portdb (3.13, 17)",312,success
guru/refactor/rust-hamt-state-res,32456142682,2026-08-21T06:52:00Z,96694202797,"trial-olddeps",513,success
guru/refactor/rust-hamt-state-res,32456142682,2026-08-21T06:52:00Z,96694202841,"portdb (3.10, 14)",308,success
guru/refactor/rust-hamt-state-res,32456142682,2026-08-21T06:52:00Z,96694202912,"complement / complement (workers, Postgres (hybrid, tikv))",1910,success
guru/refactor/rust-hamt-state-res,32456142682,2026-08-21T06:52:00Z,96694202922,"complement / complement (hybrid, Postgres (hybrid, tikv))",1220,success
guru/refactor/rust-hamt-state-res,32456142682,2026-08-21T06:52:00Z,96694202966,"complement / complement (monolith, Postgres)",1191,success
guru/refactor/rust-hamt-state-res,32456142682,2026-08-21T06:52:00Z,96694202972,"complement / complement (hybrid, SQLite (hybrid, tikv))",1062,success
guru/refactor/rust-hamt-state-res,32456142682,2026-08-21T06:52:00Z,96694202994,"complement / complement (monolith, SQLite)",1057,success
guru/refactor/rust-hamt-state-res,32456142682,2026-08-21T06:52:00Z,96694203353,"complement / complement (workers, Postgres)",1886,success
guru/refactor/rust-hamt-state-res,32456142682,2026-08-21T06:52:00Z,96694203832,"trial-pypy",-1,skipped
guru/refactor/rust-hamt-state-res,32456142682,2026-08-21T06:52:00Z,96694239707,"trial (3.13, sqlite, all)",443,success
guru/refactor/rust-hamt-state-res,32456142682,2026-08-21T06:52:00Z,96694239713,"trial (3.10, postgres, 14, all)",1538,success
guru/refactor/rust-hamt-state-res,32456142682,2026-08-21T06:52:00Z,96694239730,"sytest (bookworm, multi-postgres, workers, asyncio)",1211,success
guru/refactor/rust-hamt-state-res,32456142682,2026-08-21T06:52:00Z,96694239740,"trial (3.10, sqlite)",478,success
guru/refactor/rust-hamt-state-res,32456142682,2026-08-21T06:52:00Z,96694239745,"sytest (bookworm, postgres)",862,success
guru/refactor/rust-hamt-state-res,32456142682,2026-08-21T06:52:00Z,96694239764,"trial (3.10, sqlite, all)",475,success
guru/refactor/rust-hamt-state-res,32456142682,2026-08-21T06:52:00Z,96694239789,"sytest (bookworm, multi-postgres, workers)",904,success
guru/refactor/rust-hamt-state-res,32456142682,2026-08-21T06:52:00Z,96694239797,"trial (3.13, postgres, 17, all)",1184,success
guru/refactor/rust-hamt-state-res,32456142682,2026-08-21T06:52:00Z,96694239821,"sytest (bookworm)",674,success
guru/refactor/rust-hamt-state-res,32456142682,2026-08-21T06:52:00Z,96695249011,"export-data",251,success
guru/refactor/rust-hamt-state-res,32456142682,2026-08-21T06:52:00Z,96700865345,"tests-done",4,success
guru/refactor/rust-hamt-state-res,32464108141,2026-08-21T08:38:29Z,96716968391,"changes",5,success
guru/refactor/rust-hamt-state-res,32464108141,2026-08-21T08:38:29Z,96716968647,"lint-crlf",7,success
guru/refactor/rust-hamt-state-res,32464108141,2026-08-21T08:38:29Z,96716969559,"lint-newsfile",0,skipped
guru/refactor/rust-hamt-state-res,32464108141,2026-08-21T08:38:29Z,96716995874,"check-schema-delta",20,success
guru/refactor/rust-hamt-state-res,32464108141,2026-08-21T08:38:29Z,96716995878,"lint-clippy-nightly",24,success
guru/refactor/rust-hamt-state-res,32464108141,2026-08-21T08:38:29Z,96716995882,"lint-rustfmt",21,success
guru/refactor/rust-hamt-state-res,32464108141,2026-08-21T08:38:29Z,96716995885,"lint",174,success
guru/refactor/rust-hamt-state-res,32464108141,2026-08-21T08:38:29Z,96716995961,"Typechecking",74,success
guru/refactor/rust-hamt-state-res,32464108141,2026-08-21T08:38:29Z,96716995988,"lint-rust",65,success
guru/refactor/rust-hamt-state-res,32464108141,2026-08-21T08:38:29Z,96716996016,"check-sampleconfig",59,success
guru/refactor/rust-hamt-state-res,32464108141,2026-08-21T08:38:29Z,96716996044,"lint-clippy",21,success
guru/refactor/rust-hamt-state-res,32464108141,2026-08-21T08:38:29Z,96716997465,"lint-golangci",0,skipped
guru/refactor/rust-hamt-state-res,32464108141,2026-08-21T08:38:29Z,96716997497,"lint-readme",0,skipped
guru/refactor/rust-hamt-state-res,32464108141,2026-08-21T08:38:29Z,96717658655,"linting-done",5,success
guru/refactor/rust-hamt-state-res,32464108141,2026-08-21T08:38:29Z,96717687990,"cargo-bench",75,success
guru/refactor/rust-hamt-state-res,32464108141,2026-08-21T08:38:29Z,96717688074,"portdb (3.10, 14)",327,success
guru/refactor/rust-hamt-state-res,32464108141,2026-08-21T08:38:29Z,96717688085,"trial-olddeps",492,success
guru/refactor/rust-hamt-state-res,32464108141,2026-08-21T08:38:29Z,96717688097,"calculate-test-jobs",8,success
guru/refactor/rust-hamt-state-res,32464108141,2026-08-21T08:38:29Z,96717688110,"portdb (3.13, 17)",322,success
guru/refactor/rust-hamt-state-res,32464108141,2026-08-21T08:38:29Z,96717688123,"cargo-test",36,success
guru/refactor/rust-hamt-state-res,32464108141,2026-08-21T08:38:29Z,96717688161,"complement / complement (hybrid, Postgres (hybrid, tikv))",1228,success
guru/refactor/rust-hamt-state-res,32464108141,2026-08-21T08:38:29Z,96717688179,"complement / complement (hybrid, SQLite (hybrid, tikv))",1131,success
guru/refactor/rust-hamt-state-res,32464108141,2026-08-21T08:38:29Z,96717688205,"complement / complement (workers, Postgres)",1946,failure
guru/refactor/rust-hamt-state-res,32464108141,2026-08-21T08:38:29Z,96717688207,"complement / complement (workers, Postgres (hybrid, tikv))",1914,failure
guru/refactor/rust-hamt-state-res,32464108141,2026-08-21T08:38:29Z,96717688264,"complement / complement (monolith, Postgres)",1218,success
guru/refactor/rust-hamt-state-res,32464108141,2026-08-21T08:38:29Z,96717688364,"complement / complement (monolith, SQLite)",1101,success
guru/refactor/rust-hamt-state-res,32464108141,2026-08-21T08:38:29Z,96717688880,"trial-pypy",-1,skipped
guru/refactor/rust-hamt-state-res,32464108141,2026-08-21T08:38:29Z,96717730543,"sytest (bookworm, postgres)",857,success
guru/refactor/rust-hamt-state-res,32464108141,2026-08-21T08:38:29Z,96717730576,"trial (3.13, sqlite, all)",426,success
guru/refactor/rust-hamt-state-res,32464108141,2026-08-21T08:38:29Z,96717730582,"trial (3.10, postgres, 14, all)",1220,success
guru/refactor/rust-hamt-state-res,32464108141,2026-08-21T08:38:29Z,96717730586,"sytest (bookworm)",737,success
guru/refactor/rust-hamt-state-res,32464108141,2026-08-21T08:38:29Z,96717730590,"sytest (bookworm, multi-postgres, workers)",1072,success
guru/refactor/rust-hamt-state-res,32464108141,2026-08-21T08:38:29Z,96717730597,"trial (3.13, postgres, 17, all)",1040,success
guru/refactor/rust-hamt-state-res,32464108141,2026-08-21T08:38:29Z,96717730612,"trial (3.10, sqlite, all)",341,success
guru/refactor/rust-hamt-state-res,32464108141,2026-08-21T08:38:29Z,96717730621,"sytest (bookworm, multi-postgres, workers, asyncio)",1204,success
guru/refactor/rust-hamt-state-res,32464108141,2026-08-21T08:38:29Z,96717730652,"trial (3.10, sqlite)",470,success
guru/refactor/rust-hamt-state-res,32464108141,2026-08-21T08:38:29Z,96718971996,"export-data",237,success
guru/refactor/rust-hamt-state-res,32464108141,2026-08-21T08:38:29Z,96725320456,"tests-done",4,failure
guru/refactor/rust-hamt-state-res,32497445245,2026-08-21T15:24:44Z,96819116045,"lint-crlf",8,success
guru/refactor/rust-hamt-state-res,32497445245,2026-08-21T15:24:44Z,96819116273,"changes",5,success
guru/refactor/rust-hamt-state-res,32497445245,2026-08-21T15:24:44Z,96819117685,"lint-newsfile",0,skipped
guru/refactor/rust-hamt-state-res,32497445245,2026-08-21T15:24:44Z,96819150886,"check-sampleconfig",61,success
guru/refactor/rust-hamt-state-res,32497445245,2026-08-21T15:24:44Z,96819150914,"lint",147,success
guru/refactor/rust-hamt-state-res,32497445245,2026-08-21T15:24:44Z,96819150939,"Typechecking",75,success
guru/refactor/rust-hamt-state-res,32497445245,2026-08-21T15:24:44Z,96819150972,"lint-clippy",35,success
guru/refactor/rust-hamt-state-res,32497445245,2026-08-21T15:24:44Z,96819151005,"lint-clippy-nightly",30,success
guru/refactor/rust-hamt-state-res,32497445245,2026-08-21T15:24:44Z,96819151012,"lint-rustfmt",23,success
guru/refactor/rust-hamt-state-res,32497445245,2026-08-21T15:24:44Z,96819151016,"lint-rust",58,success
guru/refactor/rust-hamt-state-res,32497445245,2026-08-21T15:24:44Z,96819151053,"check-schema-delta",21,success
guru/refactor/rust-hamt-state-res,32497445245,2026-08-21T15:24:44Z,96819152073,"lint-golangci",-1,skipped
guru/refactor/rust-hamt-state-res,32497445245,2026-08-21T15:24:44Z,96819152350,"lint-readme",-1,skipped
guru/refactor/rust-hamt-state-res,32497445245,2026-08-21T15:24:44Z,96819877844,"linting-done",3,success
guru/refactor/rust-hamt-state-res,32497445245,2026-08-21T15:24:44Z,96819903008,"trial-olddeps",418,success
guru/refactor/rust-hamt-state-res,32497445245,2026-08-21T15:24:44Z,96819903038,"calculate-test-jobs",6,success
guru/refactor/rust-hamt-state-res,32497445245,2026-08-21T15:24:44Z,96819903055,"cargo-bench",80,success
guru/refactor/rust-hamt-state-res,32497445245,2026-08-21T15:24:44Z,96819903056,"portdb (3.10, 14)",319,success
guru/refactor/rust-hamt-state-res,32497445245,2026-08-21T15:24:44Z,96819903072,"portdb (3.13, 17)",326,success
guru/refactor/rust-hamt-state-res,32497445245,2026-08-21T15:24:44Z,96819903092,"cargo-test",49,success
guru/refactor/rust-hamt-state-res,32497445245,2026-08-21T15:24:44Z,96819903327,"complement / complement (hybrid, SQLite (hybrid, tikv))",1557,success
guru/refactor/rust-hamt-state-res,32497445245,2026-08-21T15:24:44Z,96819903328,"complement / complement (workers, Postgres (hybrid, tikv))",1790,failure
guru/refactor/rust-hamt-state-res,32497445245,2026-08-21T15:24:44Z,96819903417,"complement / complement (hybrid, Postgres (hybrid, tikv))",1213,success
guru/refactor/rust-hamt-state-res,32497445245,2026-08-21T15:24:44Z,96819903462,"complement / complement (workers, Postgres)",1869,success
guru/refactor/rust-hamt-state-res,32497445245,2026-08-21T15:24:44Z,96819903479,"complement / complement (monolith, Postgres)",1184,success
guru/refactor/rust-hamt-state-res,32497445245,2026-08-21T15:24:44Z,96819903487,"complement / complement (monolith, SQLite)",1072,success
guru/refactor/rust-hamt-state-res,32497445245,2026-08-21T15:24:44Z,96819905086,"trial-pypy",0,skipped
guru/refactor/rust-hamt-state-res,32497445245,2026-08-21T15:24:44Z,96819940802,"sytest (bookworm)",668,success
guru/refactor/rust-hamt-state-res,32497445245,2026-08-21T15:24:44Z,96819940855,"sytest (bookworm, postgres)",910,success
guru/refactor/rust-hamt-state-res,32497445245,2026-08-21T15:24:44Z,96819940881,"trial (3.10, sqlite, all)",490,success
guru/refactor/rust-hamt-state-res,32497445245,2026-08-21T15:24:44Z,96819940882,"sytest (bookworm, multi-postgres, workers)",1142,success
guru/refactor/rust-hamt-state-res,32497445245,2026-08-21T15:24:44Z,96819940888,"trial (3.10, postgres, 14, all)",1204,success
guru/refactor/rust-hamt-state-res,32497445245,2026-08-21T15:24:44Z,96819940920,"sytest (bookworm, multi-postgres, workers, asyncio)",1148,success
guru/refactor/rust-hamt-state-res,32497445245,2026-08-21T15:24:44Z,96819940921,"trial (3.13, postgres, 17, all)",1118,success
guru/refactor/rust-hamt-state-res,32497445245,2026-08-21T15:24:44Z,96819940943,"trial (3.13, sqlite, all)",448,success
guru/refactor/rust-hamt-state-res,32497445245,2026-08-21T15:24:44Z,96819941007,"trial (3.10, sqlite)",498,success
guru/refactor/rust-hamt-state-res,32497445245,2026-08-21T15:24:44Z,96821497681,"export-data",257,success
guru/refactor/rust-hamt-state-res,32497445245,2026-08-21T15:24:44Z,96828801712,"tests-done",3,failure
guru/refactor/rust-hamt-state-res,32533401780,2026-08-21T22:32:50Z,96929745027,"lint-crlf",6,success
guru/refactor/rust-hamt-state-res,32533401780,2026-08-21T22:32:50Z,96929745405,"changes",4,success
guru/refactor/rust-hamt-state-res,32533401780,2026-08-21T22:32:50Z,96929745904,"lint-newsfile",-1,skipped
guru/refactor/rust-hamt-state-res,32533401780,2026-08-21T22:32:50Z,96929766838,"check-schema-delta",22,success
guru/refactor/rust-hamt-state-res,32533401780,2026-08-21T22:32:50Z,96929766860,"lint",132,success
guru/refactor/rust-hamt-state-res,32533401780,2026-08-21T22:32:50Z,96929766873,"check-sampleconfig",57,success
guru/refactor/rust-hamt-state-res,32533401780,2026-08-21T22:32:50Z,96929766890,"Typechecking",81,success
guru/refactor/rust-hamt-state-res,32533401780,2026-08-21T22:32:50Z,96929766934,"lint-clippy",25,success
guru/refactor/rust-hamt-state-res,32533401780,2026-08-21T22:32:50Z,96929766950,"lint-rust",57,success
guru/refactor/rust-hamt-state-res,32533401780,2026-08-21T22:32:50Z,96929766974,"lint-clippy-nightly",22,success
guru/refactor/rust-hamt-state-res,32533401780,2026-08-21T22:32:50Z,96929766990,"lint-rustfmt",18,success
guru/refactor/rust-hamt-state-res,32533401780,2026-08-21T22:32:50Z,96929767764,"lint-readme",0,skipped
guru/refactor/rust-hamt-state-res,32533401780,2026-08-21T22:32:50Z,96929768200,"lint-golangci",0,skipped
guru/refactor/rust-hamt-state-res,32533401780,2026-08-21T22:32:50Z,96930190738,"linting-done",2,success
guru/refactor/rust-hamt-state-res,32533401780,2026-08-21T22:32:50Z,96930205616,"cargo-test",36,success
guru/refactor/rust-hamt-state-res,32533401780,2026-08-21T22:32:50Z,96930205687,"cargo-bench",68,success
guru/refactor/rust-hamt-state-res,32533401780,2026-08-21T22:32:50Z,96930205690,"trial-olddeps",520,success
guru/refactor/rust-hamt-state-res,32533401780,2026-08-21T22:32:50Z,96930205696,"calculate-test-jobs",8,success
guru/refactor/rust-hamt-state-res,32533401780,2026-08-21T22:32:50Z,96930205745,"portdb (3.10, 14)",311,success
guru/refactor/rust-hamt-state-res,32533401780,2026-08-21T22:32:50Z,96930205850,"portdb (3.13, 17)",296,success
guru/refactor/rust-hamt-state-res,32533401780,2026-08-21T22:32:50Z,96930205873,"complement / complement (workers, Postgres (hybrid, tikv))",1534,failure
guru/refactor/rust-hamt-state-res,32533401780,2026-08-21T22:32:50Z,96930205877,"complement / complement (hybrid, Postgres (hybrid, tikv))",1148,failure
guru/refactor/rust-hamt-state-res,32533401780,2026-08-21T22:32:50Z,96930205882,"complement / complement (monolith, Postgres)",1148,failure
guru/refactor/rust-hamt-state-res,32533401780,2026-08-21T22:32:50Z,96930205905,"complement / complement (workers, Postgres)",1497,failure
guru/refactor/rust-hamt-state-res,32533401780,2026-08-21T22:32:50Z,96930205947,"complement / complement (hybrid, SQLite (hybrid, tikv))",1070,failure
guru/refactor/rust-hamt-state-res,32533401780,2026-08-21T22:32:50Z,96930205950,"complement / complement (monolith, SQLite)",1072,failure
guru/refactor/rust-hamt-state-res,32533401780,2026-08-21T22:32:50Z,96930206500,"trial-pypy",-1,skipped
guru/refactor/rust-hamt-state-res,32533401780,2026-08-21T22:32:50Z,96930239131,"sytest (bookworm, multi-postgres, workers)",505,failure
guru/refactor/rust-hamt-state-res,32533401780,2026-08-21T22:32:50Z,96930239144,"sytest (bookworm, multi-postgres, workers, asyncio)",446,failure
guru/refactor/rust-hamt-state-res,32533401780,2026-08-21T22:32:50Z,96930239164,"sytest (bookworm, postgres)",829,success
guru/refactor/rust-hamt-state-res,32533401780,2026-08-21T22:32:50Z,96930239165,"trial (3.10, sqlite, all)",515,success
guru/refactor/rust-hamt-state-res,32533401780,2026-08-21T22:32:50Z,96930239167,"trial (3.10, postgres, 14, all)",1008,cancelled
guru/refactor/rust-hamt-state-res,32533401780,2026-08-21T22:32:50Z,96930239187,"trial (3.13, sqlite, all)",430,success
guru/refactor/rust-hamt-state-res,32533401780,2026-08-21T22:32:50Z,96930239229,"sytest (bookworm)",732,success
guru/refactor/rust-hamt-state-res,32533401780,2026-08-21T22:32:50Z,96930239237,"trial (3.13, postgres, 17, all)",983,failure
guru/refactor/rust-hamt-state-res,32533401780,2026-08-21T22:32:50Z,96930239374,"trial (3.10, sqlite)",472,success
guru/refactor/rust-hamt-state-res,32533401780,2026-08-21T22:32:50Z,96931187779,"export-data",255,success
guru/refactor/rust-hamt-state-res,32533401780,2026-08-21T22:32:50Z,96934924976,"tests-done",2,failure
guru/refactor/rust-hamt-state-res,32580904268,2026-08-22T15:10:40Z,97050002677,"changes",4,success
guru/refactor/rust-hamt-state-res,32580904268,2026-08-22T15:10:40Z,97050002850,"lint-crlf",7,success
guru/refactor/rust-hamt-state-res,32580904268,2026-08-22T15:10:40Z,97050003291,"lint-newsfile",-1,skipped
guru/refactor/rust-hamt-state-res,32580904268,2026-08-22T15:10:40Z,97050016543,"lint-clippy-nightly",28,success
guru/refactor/rust-hamt-state-res,32580904268,2026-08-22T15:10:40Z,97050016548,"lint-clippy",23,success
guru/refactor/rust-hamt-state-res,32580904268,2026-08-22T15:10:40Z,97050016557,"check-sampleconfig",57,success
guru/refactor/rust-hamt-state-res,32580904268,2026-08-22T15:10:40Z,97050016563,"check-schema-delta",22,success
guru/refactor/rust-hamt-state-res,32580904268,2026-08-22T15:10:40Z,97050016585,"Typechecking",73,failure
guru/refactor/rust-hamt-state-res,32580904268,2026-08-22T15:10:40Z,97050016587,"lint",122,failure
guru/refactor/rust-hamt-state-res,32580904268,2026-08-22T15:10:40Z,97050016603,"lint-rustfmt",16,success
guru/refactor/rust-hamt-state-res,32580904268,2026-08-22T15:10:40Z,97050016627,"lint-rust",63,success
guru/refactor/rust-hamt-state-res,32580904268,2026-08-22T15:10:40Z,97050017221,"lint-golangci",0,skipped
guru/refactor/rust-hamt-state-res,32580904268,2026-08-22T15:10:40Z,97050017229,"lint-readme",0,skipped
guru/refactor/rust-hamt-state-res,32580904268,2026-08-22T15:10:40Z,97050268688,"linting-done",4,failure
guru/refactor/rust-hamt-state-res,32580904268,2026-08-22T15:10:40Z,97050284041,"tests-done",4,failure
guru/refactor/rust-hamt-state-res,32580904268,2026-08-22T15:10:40Z,97050284055,"calculate-test-jobs",0,skipped
guru/refactor/rust-hamt-state-res,32580904268,2026-08-22T15:10:40Z,97050284286,"export-data",0,skipped
guru/refactor/rust-hamt-state-res,32580904268,2026-08-22T15:10:40Z,97050284293,"trial-olddeps",0,skipped
guru/refactor/rust-hamt-state-res,32580904268,2026-08-22T15:10:40Z,97050284327,"complement",0,skipped
guru/refactor/rust-hamt-state-res,32580904268,2026-08-22T15:10:40Z,97050284401,"cargo-bench",0,skipped
guru/refactor/rust-hamt-state-res,32580904268,2026-08-22T15:10:40Z,97050284430,"trial",0,skipped
guru/refactor/rust-hamt-state-res,32580904268,2026-08-22T15:10:40Z,97050284484,"trial-pypy",0,skipped
guru/refactor/rust-hamt-state-res,32580904268,2026-08-22T15:10:40Z,97050284506,"cargo-test",0,skipped
guru/refactor/rust-hamt-state-res,32580904268,2026-08-22T15:10:40Z,97050284528,"sytest",0,skipped
guru/refactor/rust-hamt-state-res,32580904268,2026-08-22T15:10:40Z,97050284552,"portdb",0,skipped
guru/refactor/rust-hamt-state-res,32592037655,2026-08-22T18:52:35Z,97081755225,"check-schema-delta",23,failure
guru/refactor/rust-hamt-state-res,32592037655,2026-08-22T18:52:35Z,97081755593,"lint-crlf",7,success
guru/refactor/rust-hamt-state-res,32592037655,2026-08-22T18:52:35Z,97081755720,"lint-clippy-nightly",25,success
guru/refactor/rust-hamt-state-res,32592037655,2026-08-22T18:52:35Z,97081755729,"check-sampleconfig",60,success
guru/refactor/rust-hamt-state-res,32592037655,2026-08-22T18:52:35Z,97081755814,"lint",148,success
guru/refactor/rust-hamt-state-res,32592037655,2026-08-22T18:52:35Z,97081755834,"lint-rustfmt",20,success
guru/refactor/rust-hamt-state-res,32592037655,2026-08-22T18:52:35Z,97081755872,"Typechecking",82,success
guru/refactor/rust-hamt-state-res,32592037655,2026-08-22T18:52:35Z,97081755878,"lint-golangci",-2243,skipped
guru/refactor/rust-hamt-state-res,32592037655,2026-08-22T18:52:35Z,97081755880,"lint-readme",-2243,skipped
guru/refactor/rust-hamt-state-res,32592037655,2026-08-22T18:52:35Z,97081755897,"lint-rust",59,success
guru/refactor/rust-hamt-state-res,32592037655,2026-08-22T18:52:35Z,97081767393,"changes",3,success
guru/refactor/rust-hamt-state-res,32592037655,2026-08-22T18:52:35Z,97081767716,"lint-clippy",25,success
guru/refactor/rust-hamt-state-res,32592037655,2026-08-22T18:52:35Z,97081775114,"lint-newsfile",-2256,skipped
guru/refactor/rust-hamt-state-res,32592037655,2026-08-22T18:52:35Z,97081813436,"linting-done",5,failure
guru/refactor/rust-hamt-state-res,32592037655,2026-08-22T18:52:35Z,97081830824,"cargo-test",-1,skipped
guru/refactor/rust-hamt-state-res,32592037655,2026-08-22T18:52:35Z,97081830967,"complement",-1,skipped
guru/refactor/rust-hamt-state-res,32592037655,2026-08-22T18:52:35Z,97081831018,"cargo-bench",-1,skipped
guru/refactor/rust-hamt-state-res,32592037655,2026-08-22T18:52:35Z,97081831020,"trial-olddeps",-1,skipped
guru/refactor/rust-hamt-state-res,32592037655,2026-08-22T18:52:35Z,97081831056,"tests-done",2,failure
guru/refactor/rust-hamt-state-res,32592037655,2026-08-22T18:52:35Z,97081831080,"portdb",-1,skipped
guru/refactor/rust-hamt-state-res,32592037655,2026-08-22T18:52:35Z,97081831081,"calculate-test-jobs",-1,skipped
guru/refactor/rust-hamt-state-res,32592037655,2026-08-22T18:52:35Z,97081831129,"trial-pypy",-1,skipped
guru/refactor/rust-hamt-state-res,32592037655,2026-08-22T18:52:35Z,97081831397,"trial",-1,skipped
guru/refactor/rust-hamt-state-res,32592037655,2026-08-22T18:52:35Z,97081831408,"sytest",-1,skipped
guru/refactor/rust-hamt-state-res,32592037655,2026-08-22T18:52:35Z,97081831742,"export-data",-1,skipped
guru/refactor/rust-hamt-state-res,32611474537,2026-08-23T01:53:51Z,97125157195,"changes",5,success
guru/refactor/rust-hamt-state-res,32611474537,2026-08-23T01:53:51Z,97125157234,"lint-crlf",6,success
guru/refactor/rust-hamt-state-res,32611474537,2026-08-23T01:53:51Z,97125157806,"lint-newsfile",-1,skipped
guru/refactor/rust-hamt-state-res,32611474537,2026-08-23T01:53:51Z,97125169688,"lint-rust",61,success
guru/refactor/rust-hamt-state-res,32611474537,2026-08-23T01:53:51Z,97125169701,"check-sampleconfig",68,success
guru/refactor/rust-hamt-state-res,32611474537,2026-08-23T01:53:51Z,97125169705,"lint-clippy",25,success
guru/refactor/rust-hamt-state-res,32611474537,2026-08-23T01:53:51Z,97125169724,"check-schema-delta",18,success
guru/refactor/rust-hamt-state-res,32611474537,2026-08-23T01:53:51Z,97125169727,"lint-clippy-nightly",28,success
guru/refactor/rust-hamt-state-res,32611474537,2026-08-23T01:53:51Z,97125169730,"Typechecking",75,success
guru/refactor/rust-hamt-state-res,32611474537,2026-08-23T01:53:51Z,97125169765,"lint",133,success
guru/refactor/rust-hamt-state-res,32611474537,2026-08-23T01:53:51Z,97125169768,"lint-rustfmt",22,success
guru/refactor/rust-hamt-state-res,32611474537,2026-08-23T01:53:51Z,97125170215,"lint-readme",-1,skipped
guru/refactor/rust-hamt-state-res,32611474537,2026-08-23T01:53:51Z,97125170285,"lint-golangci",-1,skipped
guru/refactor/rust-hamt-state-res,32611474537,2026-08-23T01:53:51Z,97125387195,"linting-done",2,success
guru/refactor/rust-hamt-state-res,32611474537,2026-08-23T01:53:51Z,97125394527,"portdb (3.13, 17)",21617,cancelled
guru/refactor/rust-hamt-state-res,32611474537,2026-08-23T01:53:51Z,97125394533,"trial-olddeps",389,failure
guru/refactor/rust-hamt-state-res,32611474537,2026-08-23T01:53:51Z,97125394536,"cargo-test",35,success
guru/refactor/rust-hamt-state-res,32611474537,2026-08-23T01:53:51Z,97125394544,"calculate-test-jobs",8,success
guru/refactor/rust-hamt-state-res,32611474537,2026-08-23T01:53:51Z,97125394576,"portdb (3.10, 14)",21616,cancelled
guru/refactor/rust-hamt-state-res,32611474537,2026-08-23T01:53:51Z,97125394594,"cargo-bench",57,success
guru/refactor/rust-hamt-state-res,32611474537,2026-08-23T01:53:51Z,97125394637,"complement / complement (hybrid, Postgres (hybrid, tikv))",1178,failure
guru/refactor/rust-hamt-state-res,32611474537,2026-08-23T01:53:51Z,97125394653,"complement / complement (monolith, SQLite)",944,success
guru/refactor/rust-hamt-state-res,32611474537,2026-08-23T01:53:51Z,97125394664,"complement / complement (workers, Postgres)",509,failure
guru/refactor/rust-hamt-state-res,32611474537,2026-08-23T01:53:51Z,97125394699,"complement / complement (hybrid, SQLite (hybrid, tikv))",1045,success
guru/refactor/rust-hamt-state-res,32611474537,2026-08-23T01:53:51Z,97125394705,"complement / complement (monolith, Postgres)",1138,failure
guru/refactor/rust-hamt-state-res,32611474537,2026-08-23T01:53:51Z,97125394765,"complement / complement (workers, Postgres (hybrid, tikv))",532,failure
guru/refactor/rust-hamt-state-res,32611474537,2026-08-23T01:53:51Z,97125395041,"trial-pypy",-1,skipped
guru/refactor/rust-hamt-state-res,32611474537,2026-08-23T01:53:51Z,97125411133,"trial (3.10, sqlite)",338,failure
guru/refactor/rust-hamt-state-res,32611474537,2026-08-23T01:53:51Z,97125411151,"trial (3.13, sqlite, all)",349,cancelled
guru/refactor/rust-hamt-state-res,32611474537,2026-08-23T01:53:51Z,97125411163,"sytest (bookworm)",876,success
guru/refactor/rust-hamt-state-res,32611474537,2026-08-23T01:53:51Z,97125411165,"sytest (bookworm, postgres)",466,failure
guru/refactor/rust-hamt-state-res,32611474537,2026-08-23T01:53:51Z,97125411176,"sytest (bookworm, multi-postgres, workers, asyncio)",544,failure
guru/refactor/rust-hamt-state-res,32611474537,2026-08-23T01:53:51Z,97125411189,"trial (3.13, postgres, 17, all)",380,cancelled
guru/refactor/rust-hamt-state-res,32611474537,2026-08-23T01:53:51Z,97125411192,"sytest (bookworm, multi-postgres, workers)",551,failure
guru/refactor/rust-hamt-state-res,32611474537,2026-08-23T01:53:51Z,97125411194,"trial (3.10, postgres, 14, all)",392,cancelled
guru/refactor/rust-hamt-state-res,32611474537,2026-08-23T01:53:51Z,97125411226,"trial (3.10, sqlite, all)",374,cancelled
guru/refactor/rust-hamt-state-res,32611474537,2026-08-23T01:53:51Z,97163544148,"export-data",21616,cancelled
guru/refactor/rust-hamt-state-res,32611474537,2026-08-23T01:53:51Z,97205088618,"tests-done",5,failure
guru/refactor/rust-hamt-state-res,32645081513,2026-08-23T14:19:32Z,97227835613,"check-sampleconfig",39,failure
guru/refactor/rust-hamt-state-res,32645081513,2026-08-23T14:19:32Z,97227835628,"lint-clippy-nightly",22,failure
guru/refactor/rust-hamt-state-res,32645081513,2026-08-23T14:19:32Z,97227835648,"lint-clippy",26,failure
guru/refactor/rust-hamt-state-res,32645081513,2026-08-23T14:19:32Z,97227835670,"check-schema-delta",19,success
guru/refactor/rust-hamt-state-res,32645081513,2026-08-23T14:19:32Z,97227835687,"lint-crlf",7,success
guru/refactor/rust-hamt-state-res,32645081513,2026-08-23T14:19:32Z,97227835701,"lint-rust",44,failure
guru/refactor/rust-hamt-state-res,32645081513,2026-08-23T14:19:32Z,97227835739,"Typechecking",39,failure
guru/refactor/rust-hamt-state-res,32645081513,2026-08-23T14:19:32Z,97227835881,"lint-newsfile",-9365,skipped
guru/refactor/rust-hamt-state-res,32645081513,2026-08-23T14:19:32Z,97227836131,"lint",156,success
guru/refactor/rust-hamt-state-res,32645081513,2026-08-23T14:19:32Z,97227836205,"lint-readme",-9357,skipped
guru/refactor/rust-hamt-state-res,32645081513,2026-08-23T14:19:32Z,97227836315,"lint-rustfmt",20,success
guru/refactor/rust-hamt-state-res,32645081513,2026-08-23T14:19:32Z,97227836335,"lint-golangci",89,success
guru/refactor/rust-hamt-state-res,32645081513,2026-08-23T14:19:32Z,97227855555,"check-lockfile",6,success
guru/refactor/rust-hamt-state-res,32645081513,2026-08-23T14:19:32Z,97227855658,"changes",6,success
guru/refactor/rust-hamt-state-res,32645081513,2026-08-23T14:19:32Z,97227937299,"linting-done",2,failure
guru/refactor/rust-hamt-state-res,32645081513,2026-08-23T14:19:32Z,97227946134,"cargo-bench",-1,skipped
guru/refactor/rust-hamt-state-res,32645081513,2026-08-23T14:19:32Z,97227946169,"portdb",-1,skipped
guru/refactor/rust-hamt-state-res,32645081513,2026-08-23T14:19:32Z,97227946174,"tests-done",3,failure
guru/refactor/rust-hamt-state-res,32645081513,2026-08-23T14:19:32Z,97227946200,"trial-olddeps",-1,skipped
guru/refactor/rust-hamt-state-res,32645081513,2026-08-23T14:19:32Z,97227946207,"calculate-test-jobs",-1,skipped
guru/refactor/rust-hamt-state-res,32645081513,2026-08-23T14:19:32Z,97227946313,"cargo-test",-1,skipped
guru/refactor/rust-hamt-state-res,32645081513,2026-08-23T14:19:32Z,97227946361,"trial-pypy",-1,skipped
guru/refactor/rust-hamt-state-res,32645081513,2026-08-23T14:19:32Z,97227946416,"sytest",0,skipped
guru/refactor/rust-hamt-state-res,32645081513,2026-08-23T14:19:32Z,97227946522,"export-data",0,skipped
guru/refactor/rust-hamt-state-res,32645081513,2026-08-23T14:19:32Z,97227946689,"complement",-1,skipped
guru/refactor/rust-hamt-state-res,32645081513,2026-08-23T14:19:32Z,97227946818,"trial",0,skipped
guru/refactor/rust-hamt-state-res,32659266671,2026-08-23T18:49:31Z,97242823623,"lint-crlf",6,success
guru/refactor/rust-hamt-state-res,32659266671,2026-08-23T18:49:31Z,97242823697,"changes",6,success
guru/refactor/rust-hamt-state-res,32659266671,2026-08-23T18:49:31Z,97242823719,"check-lockfile",6,success
guru/refactor/rust-hamt-state-res,32659266671,2026-08-23T18:49:31Z,97242824135,"lint-newsfile",-1,skipped
guru/refactor/rust-hamt-state-res,32659266671,2026-08-23T18:49:31Z,97242842708,"lint",147,success
guru/refactor/rust-hamt-state-res,32659266671,2026-08-23T18:49:31Z,97242842720,"lint-clippy",24,failure
guru/refactor/rust-hamt-state-res,32659266671,2026-08-23T18:49:31Z,97242842723,"check-sampleconfig",42,failure
guru/refactor/rust-hamt-state-res,32659266671,2026-08-23T18:49:31Z,97242842727,"lint-rust",42,failure
guru/refactor/rust-hamt-state-res,32659266671,2026-08-23T18:49:31Z,97242842731,"check-schema-delta",22,success
guru/refactor/rust-hamt-state-res,32659266671,2026-08-23T18:49:31Z,97242842740,"lint-golangci",24,success
guru/refactor/rust-hamt-state-res,32659266671,2026-08-23T18:49:31Z,97242842750,"lint-clippy-nightly",24,failure
guru/refactor/rust-hamt-state-res,32659266671,2026-08-23T18:49:31Z,97242842781,"lint-rustfmt",20,success
guru/refactor/rust-hamt-state-res,32659266671,2026-08-23T18:49:31Z,97242842798,"Typechecking",43,failure
guru/refactor/rust-hamt-state-res,32659266671,2026-08-23T18:49:31Z,97242843251,"lint-readme",0,skipped
guru/refactor/rust-hamt-state-res,32659266671,2026-08-23T18:49:31Z,97243168262,"linting-done",3,failure
guru/refactor/rust-hamt-state-res,32659266671,2026-08-23T18:49:31Z,97243179717,"complement",0,skipped
guru/refactor/rust-hamt-state-res,32659266671,2026-08-23T18:49:31Z,97243179785,"trial-olddeps",0,skipped
guru/refactor/rust-hamt-state-res,32659266671,2026-08-23T18:49:31Z,97243179831,"tests-done",3,failure
guru/refactor/rust-hamt-state-res,32659266671,2026-08-23T18:49:31Z,97243179936,"calculate-test-jobs",0,skipped
guru/refactor/rust-hamt-state-res,32659266671,2026-08-23T18:49:31Z,97243180023,"trial-pypy",0,skipped
guru/refactor/rust-hamt-state-res,32659266671,2026-08-23T18:49:31Z,97243180077,"portdb",0,skipped
guru/refactor/rust-hamt-state-res,32659266671,2026-08-23T18:49:31Z,97243180261,"cargo-bench",0,skipped
guru/refactor/rust-hamt-state-res,32659266671,2026-08-23T18:49:31Z,97243180266,"cargo-test",0,skipped
guru/refactor/rust-hamt-state-res,32659266671,2026-08-23T18:49:31Z,97243180293,"sytest",0,skipped
guru/refactor/rust-hamt-state-res,32659266671,2026-08-23T18:49:31Z,97243180442,"export-data",0,skipped
guru/refactor/rust-hamt-state-res,32659266671,2026-08-23T18:49:31Z,97243180505,"trial",0,skipped
guru/refactor/rust-hamt-state-res,32688305329,2026-08-24T03:58:35Z,97317303576,"check-lockfile",8,success
guru/refactor/rust-hamt-state-res,32688305329,2026-08-24T03:58:35Z,97317303681,"changes",4,success
guru/refactor/rust-hamt-state-res,32688305329,2026-08-24T03:58:35Z,97317303797,"lint-crlf",5,success
guru/refactor/rust-hamt-state-res,32688305329,2026-08-24T03:58:35Z,97317304469,"lint-newsfile",-1,skipped
guru/refactor/rust-hamt-state-res,32688305329,2026-08-24T03:58:35Z,97317321628,"check-sampleconfig",42,failure
guru/refactor/rust-hamt-state-res,32688305329,2026-08-24T03:58:35Z,97317321637,"lint-clippy-nightly",22,failure
guru/refactor/rust-hamt-state-res,32688305329,2026-08-24T03:58:35Z,97317321671,"lint",121,success
guru/refactor/rust-hamt-state-res,32688305329,2026-08-24T03:58:35Z,97317321685,"check-schema-delta",23,success
guru/refactor/rust-hamt-state-res,32688305329,2026-08-24T03:58:35Z,97317321693,"lint-clippy",27,failure
guru/refactor/rust-hamt-state-res,32688305329,2026-08-24T03:58:35Z,97317321709,"lint-rust",36,failure
guru/refactor/rust-hamt-state-res,32688305329,2026-08-24T03:58:35Z,97317321725,"lint-rustfmt",25,success
guru/refactor/rust-hamt-state-res,32688305329,2026-08-24T03:58:35Z,97317321730,"Typechecking",35,failure
guru/refactor/rust-hamt-state-res,32688305329,2026-08-24T03:58:35Z,97317321800,"lint-golangci",24,success
guru/refactor/rust-hamt-state-res,32688305329,2026-08-24T03:58:35Z,97317322506,"lint-readme",-1,skipped
guru/refactor/rust-hamt-state-res,32688305329,2026-08-24T03:58:35Z,97317641592,"linting-done",3,failure
guru/refactor/rust-hamt-state-res,32688305329,2026-08-24T03:58:35Z,97317658170,"cargo-bench",-1,skipped
guru/refactor/rust-hamt-state-res,32688305329,2026-08-24T03:58:35Z,97317658221,"complement",-1,skipped
guru/refactor/rust-hamt-state-res,32688305329,2026-08-24T03:58:35Z,97317658236,"tests-done",2,failure
guru/refactor/rust-hamt-state-res,32688305329,2026-08-24T03:58:35Z,97317658311,"cargo-test",-1,skipped
guru/refactor/rust-hamt-state-res,32688305329,2026-08-24T03:58:35Z,97317658337,"trial-pypy",-1,skipped
guru/refactor/rust-hamt-state-res,32688305329,2026-08-24T03:58:35Z,97317658382,"trial-olddeps",-1,skipped
guru/refactor/rust-hamt-state-res,32688305329,2026-08-24T03:58:35Z,97317658400,"calculate-test-jobs",-1,skipped
guru/refactor/rust-hamt-state-res,32688305329,2026-08-24T03:58:35Z,97317658418,"portdb",-1,skipped
guru/refactor/rust-hamt-state-res,32688305329,2026-08-24T03:58:35Z,97317658543,"sytest",-1,skipped
guru/refactor/rust-hamt-state-res,32688305329,2026-08-24T03:58:35Z,97317658908,"trial",-1,skipped
guru/refactor/rust-hamt-state-res,32688305329,2026-08-24T03:58:35Z,97317659156,"export-data",-1,skipped
guru/refactor/rust-hamt-state-res,32732142880,2026-08-24T13:20:47Z,97446529940,"lint-crlf",6,success
guru/refactor/rust-hamt-state-res,32732142880,2026-08-24T13:20:47Z,97446530203,"changes",4,success
guru/refactor/rust-hamt-state-res,32732142880,2026-08-24T13:20:47Z,97446530210,"check-lockfile",8,success
guru/refactor/rust-hamt-state-res,32732142880,2026-08-24T13:20:47Z,97446531603,"lint-newsfile",0,skipped
guru/refactor/rust-hamt-state-res,32732142880,2026-08-24T13:20:47Z,97446562939,"lint-clippy",22,failure
guru/refactor/rust-hamt-state-res,32732142880,2026-08-24T13:20:47Z,97446562953,"lint-clippy-nightly",22,failure
guru/refactor/rust-hamt-state-res,32732142880,2026-08-24T13:20:47Z,97446562983,"lint-golangci",25,success
guru/refactor/rust-hamt-state-res,32732142880,2026-08-24T13:20:47Z,97446562989,"check-sampleconfig",39,failure
guru/refactor/rust-hamt-state-res,32732142880,2026-08-24T13:20:47Z,97446562995,"lint",138,success
guru/refactor/rust-hamt-state-res,32732142880,2026-08-24T13:20:47Z,97446563050,"lint-rustfmt",19,success
guru/refactor/rust-hamt-state-res,32732142880,2026-08-24T13:20:47Z,97446563055,"check-schema-delta",17,success
guru/refactor/rust-hamt-state-res,32732142880,2026-08-24T13:20:47Z,97446563161,"Typechecking",42,failure
guru/refactor/rust-hamt-state-res,32732142880,2026-08-24T13:20:47Z,97446563202,"lint-rust",45,failure
guru/refactor/rust-hamt-state-res,32732142880,2026-08-24T13:20:47Z,97446564860,"lint-readme",-1,skipped
guru/refactor/rust-hamt-state-res,32732142880,2026-08-24T13:20:47Z,97447289970,"linting-done",2,failure
guru/refactor/rust-hamt-state-res,32732142880,2026-08-24T13:20:47Z,97447314697,"complement",0,skipped
guru/refactor/rust-hamt-state-res,32732142880,2026-08-24T13:20:47Z,97447314821,"trial-pypy",0,skipped
guru/refactor/rust-hamt-state-res,32732142880,2026-08-24T13:20:47Z,97447315104,"trial-olddeps",0,skipped
guru/refactor/rust-hamt-state-res,32732142880,2026-08-24T13:20:47Z,97447315173,"cargo-test",0,skipped
guru/refactor/rust-hamt-state-res,32732142880,2026-08-24T13:20:47Z,97447315255,"portdb",0,skipped
guru/refactor/rust-hamt-state-res,32732142880,2026-08-24T13:20:47Z,97447315297,"tests-done",3,failure
guru/refactor/rust-hamt-state-res,32732142880,2026-08-24T13:20:47Z,97447315408,"calculate-test-jobs",0,skipped
guru/refactor/rust-hamt-state-res,32732142880,2026-08-24T13:20:47Z,97447315995,"cargo-bench",-1,skipped
guru/refactor/rust-hamt-state-res,32732142880,2026-08-24T13:20:47Z,97447316070,"export-data",-1,skipped
guru/refactor/rust-hamt-state-res,32732142880,2026-08-24T13:20:47Z,97447316083,"trial",-1,skipped
guru/refactor/rust-hamt-state-res,32732142880,2026-08-24T13:20:47Z,97447316097,"sytest",-1,skipped
guru/refactor/rust-hamt-state-res,32745446437,2026-08-24T15:32:10Z,97489751271,"lint-crlf",7,success
guru/refactor/rust-hamt-state-res,32745446437,2026-08-24T15:32:10Z,97489751466,"changes",4,success
guru/refactor/rust-hamt-state-res,32745446437,2026-08-24T15:32:10Z,97489751524,"check-lockfile",8,success
guru/refactor/rust-hamt-state-res,32745446437,2026-08-24T15:32:10Z,97489752409,"lint-newsfile",-1,skipped
guru/refactor/rust-hamt-state-res,32745446437,2026-08-24T15:32:10Z,97489788445,"Typechecking",199,success
guru/refactor/rust-hamt-state-res,32745446437,2026-08-24T15:32:10Z,97489788495,"lint",149,success
guru/refactor/rust-hamt-state-res,32745446437,2026-08-24T15:32:10Z,97489788505,"lint-clippy-nightly",71,success
guru/refactor/rust-hamt-state-res,32745446437,2026-08-24T15:32:10Z,97489788576,"lint-rust",174,success
guru/refactor/rust-hamt-state-res,32745446437,2026-08-24T15:32:10Z,97489788599,"lint-golangci",25,success
guru/refactor/rust-hamt-state-res,32745446437,2026-08-24T15:32:10Z,97489788618,"check-schema-delta",19,success
guru/refactor/rust-hamt-state-res,32745446437,2026-08-24T15:32:10Z,97489788645,"lint-rustfmt",23,success
guru/refactor/rust-hamt-state-res,32745446437,2026-08-24T15:32:10Z,97489788656,"lint-clippy",73,success
guru/refactor/rust-hamt-state-res,32745446437,2026-08-24T15:32:10Z,97489788680,"check-sampleconfig",140,success
guru/refactor/rust-hamt-state-res,32745446437,2026-08-24T15:32:10Z,97489790518,"lint-readme",0,skipped
guru/refactor/rust-hamt-state-res,32745446437,2026-08-24T15:32:10Z,97490910354,"linting-done",4,success
guru/refactor/rust-hamt-state-res,32745446437,2026-08-24T15:32:10Z,97490944007,"cargo-test",110,success
guru/refactor/rust-hamt-state-res,32745446437,2026-08-24T15:32:10Z,97490944136,"trial-olddeps",632,success
guru/refactor/rust-hamt-state-res,32745446437,2026-08-24T15:32:10Z,97490944175,"portdb (3.10, 14)",327,success
guru/refactor/rust-hamt-state-res,32745446437,2026-08-24T15:32:10Z,97490944201,"calculate-test-jobs",8,success
guru/refactor/rust-hamt-state-res,32745446437,2026-08-24T15:32:10Z,97490944215,"cargo-bench",175,success
guru/refactor/rust-hamt-state-res,32745446437,2026-08-24T15:32:10Z,97490944235,"portdb (3.13, 17)",338,success
guru/refactor/rust-hamt-state-res,32745446437,2026-08-24T15:32:10Z,97490944641,"complement / complement (hybrid, Postgres (hybrid, tikv))",1118,failure
guru/refactor/rust-hamt-state-res,32745446437,2026-08-24T15:32:10Z,97490944657,"complement / complement (monolith, SQLite)",1151,success
guru/refactor/rust-hamt-state-res,32745446437,2026-08-24T15:32:10Z,97490944703,"complement / complement (workers, Postgres)",1472,failure
guru/refactor/rust-hamt-state-res,32745446437,2026-08-24T15:32:10Z,97490944713,"complement / complement (workers, Postgres (hybrid, tikv))",1493,failure
guru/refactor/rust-hamt-state-res,32745446437,2026-08-24T15:32:10Z,97490944720,"complement / complement (monolith, Postgres)",1130,failure
guru/refactor/rust-hamt-state-res,32745446437,2026-08-24T15:32:10Z,97490944764,"complement / complement (hybrid, SQLite (hybrid, tikv))",1135,success
guru/refactor/rust-hamt-state-res,32745446437,2026-08-24T15:32:10Z,97490946298,"trial-pypy",-1,skipped
guru/refactor/rust-hamt-state-res,32745446437,2026-08-24T15:32:10Z,97491005509,"trial (3.10, postgres, 14, all)",1053,cancelled
guru/refactor/rust-hamt-state-res,32745446437,2026-08-24T15:32:10Z,97491005511,"sytest (bookworm, multi-postgres, workers)",559,failure
guru/refactor/rust-hamt-state-res,32745446437,2026-08-24T15:32:10Z,97491005526,"sytest (bookworm, postgres)",399,failure
guru/refactor/rust-hamt-state-res,32745446437,2026-08-24T15:32:10Z,97491005565,"trial (3.13, sqlite, all)",517,success
guru/refactor/rust-hamt-state-res,32745446437,2026-08-24T15:32:10Z,97491005568,"sytest (bookworm)",843,success
guru/refactor/rust-hamt-state-res,32745446437,2026-08-24T15:32:10Z,97491005601,"trial (3.10, sqlite)",556,success
guru/refactor/rust-hamt-state-res,32745446437,2026-08-24T15:32:10Z,97491005602,"trial (3.10, sqlite, all)",606,success
guru/refactor/rust-hamt-state-res,32745446437,2026-08-24T15:32:10Z,97491005629,"trial (3.13, postgres, 17, all)",1017,failure
guru/refactor/rust-hamt-state-res,32745446437,2026-08-24T15:32:10Z,97491005644,"sytest (bookworm, multi-postgres, workers, asyncio)",569,failure
guru/refactor/rust-hamt-state-res,32745446437,2026-08-24T15:32:10Z,97492813431,"export-data",256,success
guru/refactor/rust-hamt-state-res,32745446437,2026-08-24T15:32:10Z,97499070948,"tests-done",5,failure
guru/refactor/rust-hamt-state-res,32753621952,2026-08-24T16:55:17Z,97516030012,"lint-crlf",6,success
guru/refactor/rust-hamt-state-res,32753621952,2026-08-24T16:55:17Z,97516030388,"check-lockfile",7,success
guru/refactor/rust-hamt-state-res,32753621952,2026-08-24T16:55:17Z,97516030537,"changes",6,success
guru/refactor/rust-hamt-state-res,32753621952,2026-08-24T16:55:17Z,97516031799,"lint-newsfile",0,skipped
guru/refactor/rust-hamt-state-res,32753621952,2026-08-24T16:55:17Z,97516073192,"check-schema-delta",47,success
guru/refactor/rust-hamt-state-res,32753621952,2026-08-24T16:55:17Z,97516073237,"lint-rustfmt",17,success
guru/refactor/rust-hamt-state-res,32753621952,2026-08-24T16:55:17Z,97516073269,"lint-clippy",24,success
guru/refactor/rust-hamt-state-res,32753621952,2026-08-24T16:55:17Z,97516073302,"lint-golangci",28,success
guru/refactor/rust-hamt-state-res,32753621952,2026-08-24T16:55:17Z,97516073324,"check-sampleconfig",69,success
guru/refactor/rust-hamt-state-res,32753621952,2026-08-24T16:55:17Z,97516073347,"lint-clippy-nightly",29,success
guru/refactor/rust-hamt-state-res,32753621952,2026-08-24T16:55:17Z,97516073350,"lint-rust",69,success
guru/refactor/rust-hamt-state-res,32753621952,2026-08-24T16:55:17Z,97516073356,"lint",150,success
guru/refactor/rust-hamt-state-res,32753621952,2026-08-24T16:55:17Z,97516073396,"Typechecking",85,success
guru/refactor/rust-hamt-state-res,32753621952,2026-08-24T16:55:17Z,97516075178,"lint-readme",-1,skipped
guru/refactor/rust-hamt-state-res,32753621952,2026-08-24T16:55:17Z,97516839814,"linting-done",2,success
guru/refactor/rust-hamt-state-res,32753621952,2026-08-24T16:55:17Z,97516865186,"cargo-bench",56,success
guru/refactor/rust-hamt-state-res,32753621952,2026-08-24T16:55:17Z,97516865202,"calculate-test-jobs",9,success
guru/refactor/rust-hamt-state-res,32753621952,2026-08-24T16:55:17Z,97516865205,"trial-olddeps",555,success
guru/refactor/rust-hamt-state-res,32753621952,2026-08-24T16:55:17Z,97516865267,"cargo-test",38,success
guru/refactor/rust-hamt-state-res,32753621952,2026-08-24T16:55:17Z,97516865309,"portdb (3.10, 14)",324,success
guru/refactor/rust-hamt-state-res,32753621952,2026-08-24T16:55:17Z,97516865314,"portdb (3.13, 17)",327,success
guru/refactor/rust-hamt-state-res,32753621952,2026-08-24T16:55:17Z,97516865340,"complement / complement (monolith, SQLite)",718,cancelled
guru/refactor/rust-hamt-state-res,32753621952,2026-08-24T16:55:17Z,97516865398,"complement / complement (hybrid, SQLite (hybrid, tikv))",717,cancelled
guru/refactor/rust-hamt-state-res,32753621952,2026-08-24T16:55:17Z,97516865403,"complement / complement (monolith, Postgres)",714,cancelled
guru/refactor/rust-hamt-state-res,32753621952,2026-08-24T16:55:17Z,97516865416,"complement / complement (hybrid, Postgres (hybrid, tikv))",716,cancelled
guru/refactor/rust-hamt-state-res,32753621952,2026-08-24T16:55:17Z,97516865431,"complement / complement (workers, Postgres (hybrid, tikv))",718,cancelled
guru/refactor/rust-hamt-state-res,32753621952,2026-08-24T16:55:17Z,97516865488,"complement / complement (workers, Postgres)",716,cancelled
guru/refactor/rust-hamt-state-res,32753621952,2026-08-24T16:55:17Z,97516866748,"trial-pypy",0,skipped
guru/refactor/rust-hamt-state-res,32753621952,2026-08-24T16:55:17Z,97516928046,"sytest (bookworm)",684,cancelled
guru/refactor/rust-hamt-state-res,32753621952,2026-08-24T16:55:17Z,97516928067,"trial (3.10, sqlite)",505,success
guru/refactor/rust-hamt-state-res,32753621952,2026-08-24T16:55:17Z,97516928077,"trial (3.13, sqlite, all)",418,success
guru/refactor/rust-hamt-state-res,32753621952,2026-08-24T16:55:17Z,97516928125,"trial (3.10, postgres, 14, all)",723,cancelled
guru/refactor/rust-hamt-state-res,32753621952,2026-08-24T16:55:17Z,97516928140,"sytest (bookworm, postgres)",707,cancelled
guru/refactor/rust-hamt-state-res,32753621952,2026-08-24T16:55:17Z,97516928145,"trial (3.13, postgres, 17, all)",702,cancelled
guru/refactor/rust-hamt-state-res,32753621952,2026-08-24T16:55:17Z,97516928171,"sytest (bookworm, multi-postgres, workers, asyncio)",705,cancelled
guru/refactor/rust-hamt-state-res,32753621952,2026-08-24T16:55:17Z,97516928207,"trial (3.10, sqlite, all)",503,success
guru/refactor/rust-hamt-state-res,32753621952,2026-08-24T16:55:17Z,97516928223,"sytest (bookworm, multi-postgres, workers)",708,cancelled
guru/refactor/rust-hamt-state-res,32753621952,2026-08-24T16:55:17Z,97518536504,"export-data",239,success
guru/refactor/rust-hamt-state-res,32753621952,2026-08-24T16:55:17Z,97520617088,"tests-done",3,failure
guru/refactor/rust-hamt-state-res,32754996466,2026-08-24T17:09:33Z,97520645675,"check-lockfile",8,success
guru/refactor/rust-hamt-state-res,32754996466,2026-08-24T17:09:33Z,97520645818,"lint-crlf",5,success
guru/refactor/rust-hamt-state-res,32754996466,2026-08-24T17:09:33Z,97520645823,"changes",5,success
guru/refactor/rust-hamt-state-res,32754996466,2026-08-24T17:09:33Z,97520646666,"lint-newsfile",-1,skipped
guru/refactor/rust-hamt-state-res,32754996466,2026-08-24T17:09:33Z,97520689297,"lint-clippy-nightly",23,success
guru/refactor/rust-hamt-state-res,32754996466,2026-08-24T17:09:33Z,97520689305,"check-sampleconfig",69,success
guru/refactor/rust-hamt-state-res,32754996466,2026-08-24T17:09:33Z,97520689381,"lint-golangci",21,success
guru/refactor/rust-hamt-state-res,32754996466,2026-08-24T17:09:33Z,97520689398,"lint-clippy",29,success
guru/refactor/rust-hamt-state-res,32754996466,2026-08-24T17:09:33Z,97520689401,"Typechecking",78,success
guru/refactor/rust-hamt-state-res,32754996466,2026-08-24T17:09:33Z,97520689434,"lint-rust",61,success
guru/refactor/rust-hamt-state-res,32754996466,2026-08-24T17:09:33Z,97520689437,"check-schema-delta",18,success
guru/refactor/rust-hamt-state-res,32754996466,2026-08-24T17:09:33Z,97520689465,"lint",127,success
guru/refactor/rust-hamt-state-res,32754996466,2026-08-24T17:09:33Z,97520689587,"lint-rustfmt",15,success
guru/refactor/rust-hamt-state-res,32754996466,2026-08-24T17:09:33Z,97520690774,"lint-readme",0,skipped
guru/refactor/rust-hamt-state-res,32754996466,2026-08-24T17:09:33Z,97521351731,"linting-done",2,success
guru/refactor/rust-hamt-state-res,32754996466,2026-08-24T17:09:33Z,97521400788,"trial-olddeps",523,success
guru/refactor/rust-hamt-state-res,32754996466,2026-08-24T17:09:33Z,97521400859,"portdb (3.13, 17)",353,success
guru/refactor/rust-hamt-state-res,32754996466,2026-08-24T17:09:33Z,97521400914,"cargo-test",45,success
guru/refactor/rust-hamt-state-res,32754996466,2026-08-24T17:09:33Z,97521400925,"cargo-bench",74,success
guru/refactor/rust-hamt-state-res,32754996466,2026-08-24T17:09:33Z,97521400932,"calculate-test-jobs",6,success
guru/refactor/rust-hamt-state-res,32754996466,2026-08-24T17:09:33Z,97521400934,"portdb (3.10, 14)",346,success
guru/refactor/rust-hamt-state-res,32754996466,2026-08-24T17:09:33Z,97521401223,"complement / complement (monolith, Postgres)",1195,success
guru/refactor/rust-hamt-state-res,32754996466,2026-08-24T17:09:33Z,97521401253,"complement / complement (workers, Postgres)",2921,success
guru/refactor/rust-hamt-state-res,32754996466,2026-08-24T17:09:33Z,97521401265,"complement / complement (hybrid, Postgres (hybrid, tikv))",1251,success
guru/refactor/rust-hamt-state-res,32754996466,2026-08-24T17:09:33Z,97521401271,"complement / complement (monolith, SQLite)",1176,success
guru/refactor/rust-hamt-state-res,32754996466,2026-08-24T17:09:33Z,97521401324,"complement / complement (workers, Postgres (hybrid, tikv))",2886,failure
guru/refactor/rust-hamt-state-res,32754996466,2026-08-24T17:09:33Z,97521401351,"complement / complement (hybrid, SQLite (hybrid, tikv))",1147,success
guru/refactor/rust-hamt-state-res,32754996466,2026-08-24T17:09:33Z,97521402089,"trial-pypy",0,skipped
guru/refactor/rust-hamt-state-res,32754996466,2026-08-24T17:09:33Z,97521445392,"sytest (bookworm)",728,success
guru/refactor/rust-hamt-state-res,32754996466,2026-08-24T17:09:33Z,97521445408,"trial (3.10, postgres, 14, all)",1159,failure
guru/refactor/rust-hamt-state-res,32754996466,2026-08-24T17:09:33Z,97521445413,"sytest (bookworm, postgres)",878,success
guru/refactor/rust-hamt-state-res,32754996466,2026-08-24T17:09:33Z,97521445447,"sytest (bookworm, multi-postgres, workers, asyncio)",3496,failure
guru/refactor/rust-hamt-state-res,32754996466,2026-08-24T17:09:33Z,97521445448,"trial (3.10, sqlite, all)",496,success
guru/refactor/rust-hamt-state-res,32754996466,2026-08-24T17:09:33Z,97521445462,"trial (3.13, sqlite, all)",409,success
guru/refactor/rust-hamt-state-res,32754996466,2026-08-24T17:09:33Z,97521445502,"sytest (bookworm, multi-postgres, workers)",2608,failure
guru/refactor/rust-hamt-state-res,32754996466,2026-08-24T17:09:33Z,97521445619,"trial (3.10, sqlite)",452,success
guru/refactor/rust-hamt-state-res,32754996466,2026-08-24T17:09:33Z,97521445647,"trial (3.13, postgres, 17, all)",1185,cancelled
guru/refactor/rust-hamt-state-res,32754996466,2026-08-24T17:09:33Z,97523257072,"export-data",259,success
guru/refactor/rust-hamt-state-res,32754996466,2026-08-24T17:09:33Z,97539458055,"tests-done",4,failure
guru/refactor/rust-hamt-state-res,32763227324,2026-08-24T18:34:54Z,97546691849,"changes",5,success
guru/refactor/rust-hamt-state-res,32763227324,2026-08-24T18:34:54Z,97546692067,"check-lockfile",7,success
guru/refactor/rust-hamt-state-res,32763227324,2026-08-24T18:34:54Z,97546692253,"lint-crlf",6,success
guru/refactor/rust-hamt-state-res,32763227324,2026-08-24T18:34:54Z,97546693351,"lint-newsfile",-1,skipped
guru/refactor/rust-hamt-state-res,32763227324,2026-08-24T18:34:54Z,97546723582,"lint-clippy-nightly",28,success
guru/refactor/rust-hamt-state-res,32763227324,2026-08-24T18:34:54Z,97546723645,"check-sampleconfig",68,success
guru/refactor/rust-hamt-state-res,32763227324,2026-08-24T18:34:54Z,97546723657,"lint-rust",56,success
guru/refactor/rust-hamt-state-res,32763227324,2026-08-24T18:34:54Z,97546723690,"lint-clippy",29,success
guru/refactor/rust-hamt-state-res,32763227324,2026-08-24T18:34:54Z,97546723697,"Typechecking",75,success
guru/refactor/rust-hamt-state-res,32763227324,2026-08-24T18:34:54Z,97546723716,"check-schema-delta",28,success
guru/refactor/rust-hamt-state-res,32763227324,2026-08-24T18:34:54Z,97546723730,"lint",163,success
guru/refactor/rust-hamt-state-res,32763227324,2026-08-24T18:34:54Z,97546723768,"lint-rustfmt",15,success
guru/refactor/rust-hamt-state-res,32763227324,2026-08-24T18:34:54Z,97546723775,"lint-golangci",27,success
guru/refactor/rust-hamt-state-res,32763227324,2026-08-24T18:34:54Z,97546725959,"lint-readme",0,skipped
guru/refactor/rust-hamt-state-res,32763227324,2026-08-24T18:34:54Z,97547555742,"linting-done",4,success
guru/refactor/rust-hamt-state-res,32763227324,2026-08-24T18:34:54Z,97547589098,"cargo-test",49,success
guru/refactor/rust-hamt-state-res,32763227324,2026-08-24T18:34:54Z,97547589117,"portdb (3.13, 17)",336,success
guru/refactor/rust-hamt-state-res,32763227324,2026-08-24T18:34:54Z,97547589150,"trial-olddeps",508,success
guru/refactor/rust-hamt-state-res,32763227324,2026-08-24T18:34:54Z,97547589175,"portdb (3.10, 14)",329,success
guru/refactor/rust-hamt-state-res,32763227324,2026-08-24T18:34:54Z,97547589272,"cargo-bench",73,success
guru/refactor/rust-hamt-state-res,32763227324,2026-08-24T18:34:54Z,97547589287,"calculate-test-jobs",8,success
guru/refactor/rust-hamt-state-res,32763227324,2026-08-24T18:34:54Z,97547589438,"complement / complement (monolith, SQLite)",1044,success
guru/refactor/rust-hamt-state-res,32763227324,2026-08-24T18:34:54Z,97547589450,"complement / complement (hybrid, Postgres (hybrid, tikv))",1148,success
guru/refactor/rust-hamt-state-res,32763227324,2026-08-24T18:34:54Z,97547589480,"complement / complement (hybrid, SQLite (hybrid, tikv))",1149,success
guru/refactor/rust-hamt-state-res,32763227324,2026-08-24T18:34:54Z,97547589513,"complement / complement (monolith, Postgres)",1227,success
guru/refactor/rust-hamt-state-res,32763227324,2026-08-24T18:34:54Z,97547589529,"complement / complement (workers, Postgres (hybrid, tikv))",1893,success
guru/refactor/rust-hamt-state-res,32763227324,2026-08-24T18:34:54Z,97547589576,"complement / complement (workers, Postgres)",2154,success
guru/refactor/rust-hamt-state-res,32763227324,2026-08-24T18:34:54Z,97547590467,"trial-pypy",0,skipped
guru/refactor/rust-hamt-state-res,32763227324,2026-08-24T18:34:54Z,97547639991,"sytest (bookworm, multi-postgres, workers, asyncio)",1102,success
guru/refactor/rust-hamt-state-res,32763227324,2026-08-24T18:34:54Z,97547640010,"sytest (bookworm, multi-postgres, workers)",1107,success
guru/refactor/rust-hamt-state-res,32763227324,2026-08-24T18:34:54Z,97547640030,"sytest (bookworm)",573,success
guru/refactor/rust-hamt-state-res,32763227324,2026-08-24T18:34:54Z,97547640031,"trial (3.13, postgres, 17, all)",1272,success
guru/refactor/rust-hamt-state-res,32763227324,2026-08-24T18:34:54Z,97547640038,"trial (3.10, sqlite, all)",365,success
guru/refactor/rust-hamt-state-res,32763227324,2026-08-24T18:34:54Z,97547640039,"trial (3.13, sqlite, all)",463,success
guru/refactor/rust-hamt-state-res,32763227324,2026-08-24T18:34:54Z,97547640077,"sytest (bookworm, postgres)",619,success
guru/refactor/rust-hamt-state-res,32763227324,2026-08-24T18:34:54Z,97547640080,"trial (3.10, postgres, 14, all)",1626,success
guru/refactor/rust-hamt-state-res,32763227324,2026-08-24T18:34:54Z,97547640142,"trial (3.10, sqlite)",493,success
guru/refactor/rust-hamt-state-res,32763227324,2026-08-24T18:34:54Z,97549268255,"export-data",271,success
guru/refactor/rust-hamt-state-res,32763227324,2026-08-24T18:34:54Z,97558444920,"tests-done",2,success
guru/refactor/rust-hamt-state-res,32789765986,2026-08-24T23:32:03Z,97628853191,"lint-crlf",7,success
guru/refactor/rust-hamt-state-res,32789765986,2026-08-24T23:32:03Z,97628853452,"changes",6,success
guru/refactor/rust-hamt-state-res,32789765986,2026-08-24T23:32:03Z,97628854113,"lint-newsfile",0,skipped
guru/refactor/rust-hamt-state-res,32789765986,2026-08-24T23:32:03Z,97628857003,"check-lockfile",5,success
guru/refactor/rust-hamt-state-res,32789765986,2026-08-24T23:32:03Z,97628888070,"lint-clippy",29,success
guru/refactor/rust-hamt-state-res,32789765986,2026-08-24T23:32:03Z,97628888091,"lint-rust",65,success
guru/refactor/rust-hamt-state-res,32789765986,2026-08-24T23:32:03Z,97628888115,"Typechecking",83,success
guru/refactor/rust-hamt-state-res,32789765986,2026-08-24T23:32:03Z,97628888120,"lint-golangci",29,success
guru/refactor/rust-hamt-state-res,32789765986,2026-08-24T23:32:03Z,97628888125,"lint-rustfmt",15,success
guru/refactor/rust-hamt-state-res,32789765986,2026-08-24T23:32:03Z,97628888174,"lint",145,success
guru/refactor/rust-hamt-state-res,32789765986,2026-08-24T23:32:03Z,97628888209,"check-sampleconfig",68,success
guru/refactor/rust-hamt-state-res,32789765986,2026-08-24T23:32:03Z,97628888262,"check-schema-delta",21,success
guru/refactor/rust-hamt-state-res,32789765986,2026-08-24T23:32:03Z,97628888296,"lint-clippy-nightly",27,success
guru/refactor/rust-hamt-state-res,32789765986,2026-08-24T23:32:03Z,97628889426,"lint-readme",0,skipped
guru/refactor/rust-hamt-state-res,32789765986,2026-08-24T23:32:03Z,97629396992,"linting-done",4,success
guru/refactor/rust-hamt-state-res,32789765986,2026-08-24T23:32:03Z,97629419148,"portdb (3.10, 14)",325,success
guru/refactor/rust-hamt-state-res,32789765986,2026-08-24T23:32:03Z,97629419189,"portdb (3.13, 17)",326,success
guru/refactor/rust-hamt-state-res,32789765986,2026-08-24T23:32:03Z,97629419197,"cargo-test",40,success
guru/refactor/rust-hamt-state-res,32789765986,2026-08-24T23:32:03Z,97629419209,"cargo-bench",71,success
guru/refactor/rust-hamt-state-res,32789765986,2026-08-24T23:32:03Z,97629419229,"calculate-test-jobs",7,success
guru/refactor/rust-hamt-state-res,32789765986,2026-08-24T23:32:03Z,97629419235,"trial-olddeps",397,success
guru/refactor/rust-hamt-state-res,32789765986,2026-08-24T23:32:03Z,97629419484,"complement / complement (hybrid, Postgres (hybrid, tikv))",1129,failure
guru/refactor/rust-hamt-state-res,32789765986,2026-08-24T23:32:03Z,97629419552,"complement / complement (monolith, Postgres)",1193,success
guru/refactor/rust-hamt-state-res,32789765986,2026-08-24T23:32:03Z,97629419580,"complement / complement (workers, Postgres)",1454,cancelled
guru/refactor/rust-hamt-state-res,32789765986,2026-08-24T23:32:03Z,97629419589,"complement / complement (monolith, SQLite)",1129,success
guru/refactor/rust-hamt-state-res,32789765986,2026-08-24T23:32:03Z,97629419595,"complement / complement (hybrid, SQLite (hybrid, tikv))",1037,failure
guru/refactor/rust-hamt-state-res,32789765986,2026-08-24T23:32:03Z,97629419699,"complement / complement (workers, Postgres (hybrid, tikv))",1537,cancelled
guru/refactor/rust-hamt-state-res,32789765986,2026-08-24T23:32:03Z,97629420230,"trial-pypy",0,skipped
guru/refactor/rust-hamt-state-res,32789765986,2026-08-24T23:32:03Z,97629453122,"sytest (bookworm)",644,success
guru/refactor/rust-hamt-state-res,32789765986,2026-08-24T23:32:03Z,97629453158,"sytest (bookworm, multi-postgres, workers)",1056,success
guru/refactor/rust-hamt-state-res,32789765986,2026-08-24T23:32:03Z,97629453186,"sytest (bookworm, multi-postgres, workers, asyncio)",1150,success
guru/refactor/rust-hamt-state-res,32789765986,2026-08-24T23:32:03Z,97629453196,"sytest (bookworm, postgres)",722,success
guru/refactor/rust-hamt-state-res,32789765986,2026-08-24T23:32:03Z,97629453222,"trial (3.13, postgres, 17, all)",1214,success
guru/refactor/rust-hamt-state-res,32789765986,2026-08-24T23:32:03Z,97629453259,"trial (3.10, sqlite)",447,success
guru/refactor/rust-hamt-state-res,32789765986,2026-08-24T23:32:03Z,97629453275,"trial (3.10, sqlite, all)",393,success
guru/refactor/rust-hamt-state-res,32789765986,2026-08-24T23:32:03Z,97629453293,"trial (3.10, postgres, 14, all)",1372,success
guru/refactor/rust-hamt-state-res,32789765986,2026-08-24T23:32:03Z,97629453329,"trial (3.13, sqlite, all)",409,success
guru/refactor/rust-hamt-state-res,32789765986,2026-08-24T23:32:03Z,97630575735,"export-data",263,success
guru/refactor/rust-hamt-state-res,32789765986,2026-08-24T23:32:03Z,97634730394,"tests-done",2,failure
guru/refactor/rust-hamt-state-res,32791710110,2026-08-24T23:58:47Z,97634746946,"changes",8,success
guru/refactor/rust-hamt-state-res,32791710110,2026-08-24T23:58:47Z,97634747110,"lint-crlf",7,success
guru/refactor/rust-hamt-state-res,32791710110,2026-08-24T23:58:47Z,97634747225,"check-lockfile",7,success
guru/refactor/rust-hamt-state-res,32791710110,2026-08-24T23:58:47Z,97634748181,"lint-newsfile",-1,skipped
guru/refactor/rust-hamt-state-res,32791710110,2026-08-24T23:58:47Z,97634782383,"check-sampleconfig",70,success
guru/refactor/rust-hamt-state-res,32791710110,2026-08-24T23:58:47Z,97634782387,"lint",156,success
guru/refactor/rust-hamt-state-res,32791710110,2026-08-24T23:58:47Z,97634782401,"Typechecking",87,success
guru/refactor/rust-hamt-state-res,32791710110,2026-08-24T23:58:47Z,97634782411,"lint-clippy",26,success
guru/refactor/rust-hamt-state-res,32791710110,2026-08-24T23:58:47Z,97634782432,"lint-golangci",30,success
guru/refactor/rust-hamt-state-res,32791710110,2026-08-24T23:58:47Z,97634782448,"lint-clippy-nightly",27,success
guru/refactor/rust-hamt-state-res,32791710110,2026-08-24T23:58:47Z,97634782466,"check-schema-delta",22,success
guru/refactor/rust-hamt-state-res,32791710110,2026-08-24T23:58:47Z,97634782526,"lint-rustfmt",22,success
guru/refactor/rust-hamt-state-res,32791710110,2026-08-24T23:58:47Z,97634782529,"lint-rust",80,success
guru/refactor/rust-hamt-state-res,32791710110,2026-08-24T23:58:47Z,97634783492,"lint-readme",0,skipped
guru/refactor/rust-hamt-state-res,32791710110,2026-08-24T23:58:47Z,97635329514,"linting-done",43,success
guru/refactor/rust-hamt-state-res,32791710110,2026-08-24T23:58:47Z,97635492284,"portdb (3.13, 17)",333,success
guru/refactor/rust-hamt-state-res,32791710110,2026-08-24T23:58:47Z,97635492285,"cargo-bench",68,success
guru/refactor/rust-hamt-state-res,32791710110,2026-08-24T23:58:47Z,97635492349,"cargo-test",47,success
guru/refactor/rust-hamt-state-res,32791710110,2026-08-24T23:58:47Z,97635492352,"trial-olddeps",538,success
guru/refactor/rust-hamt-state-res,32791710110,2026-08-24T23:58:47Z,97635492432,"calculate-test-jobs",6,success
guru/refactor/rust-hamt-state-res,32791710110,2026-08-24T23:58:47Z,97635492454,"complement / complement (hybrid, Postgres (hybrid, tikv))",170,failure
guru/refactor/rust-hamt-state-res,32791710110,2026-08-24T23:58:47Z,97635492459,"complement / complement (monolith, SQLite)",1143,success
guru/refactor/rust-hamt-state-res,32791710110,2026-08-24T23:58:47Z,97635492471,"complement / complement (workers, Postgres (hybrid, tikv))",179,failure
guru/refactor/rust-hamt-state-res,32791710110,2026-08-24T23:58:47Z,97635492490,"complement / complement (hybrid, SQLite (hybrid, tikv))",171,failure
guru/refactor/rust-hamt-state-res,32791710110,2026-08-24T23:58:47Z,97635492517,"complement / complement (monolith, Postgres)",1162,success
guru/refactor/rust-hamt-state-res,32791710110,2026-08-24T23:58:47Z,97635492540,"complement / complement (workers, Postgres)",1832,success
guru/refactor/rust-hamt-state-res,32791710110,2026-08-24T23:58:47Z,97635492672,"portdb (3.10, 14)",303,success
guru/refactor/rust-hamt-state-res,32791710110,2026-08-24T23:58:47Z,97635493262,"trial-pypy",-1,skipped
guru/refactor/rust-hamt-state-res,32791710110,2026-08-24T23:58:47Z,97635518660,"sytest (bookworm, multi-postgres, workers)",840,success
guru/refactor/rust-hamt-state-res,32791710110,2026-08-24T23:58:47Z,97635518665,"trial (3.13, postgres, 17, all)",1209,success
guru/refactor/rust-hamt-state-res,32791710110,2026-08-24T23:58:47Z,97635518667,"trial (3.10, sqlite, all)",543,success
guru/refactor/rust-hamt-state-res,32791710110,2026-08-24T23:58:47Z,97635518668,"trial (3.10, sqlite)",454,success
guru/refactor/rust-hamt-state-res,32791710110,2026-08-24T23:58:47Z,97635518675,"trial (3.13, sqlite, all)",448,success
guru/refactor/rust-hamt-state-res,32791710110,2026-08-24T23:58:47Z,97635518684,"sytest (bookworm)",739,success
guru/refactor/rust-hamt-state-res,32791710110,2026-08-24T23:58:47Z,97635518740,"sytest (bookworm, postgres)",852,success
guru/refactor/rust-hamt-state-res,32791710110,2026-08-24T23:58:47Z,97635518743,"sytest (bookworm, multi-postgres, workers, asyncio)",1141,success
guru/refactor/rust-hamt-state-res,32791710110,2026-08-24T23:58:47Z,97635518793,"trial (3.10, postgres, 14, all)",1297,success
guru/refactor/rust-hamt-state-res,32791710110,2026-08-24T23:58:47Z,97636693484,"export-data",258,success
guru/refactor/rust-hamt-state-res,32791710110,2026-08-24T23:58:47Z,97641940659,"tests-done",3,failure
guru/refactor/rust-hamt-state-res,32794799051,2026-08-25T00:43:56Z,97643747179,"lint-crlf",5,success
guru/refactor/rust-hamt-state-res,32794799051,2026-08-25T00:43:56Z,97643747433,"changes",5,success
guru/refactor/rust-hamt-state-res,32794799051,2026-08-25T00:43:56Z,97643747485,"check-lockfile",5,success
guru/refactor/rust-hamt-state-res,32794799051,2026-08-25T00:43:56Z,97643748336,"lint-newsfile",-1,skipped
guru/refactor/rust-hamt-state-res,32794799051,2026-08-25T00:43:56Z,97643768274,"check-schema-delta",23,success
guru/refactor/rust-hamt-state-res,32794799051,2026-08-25T00:43:56Z,97643768306,"lint",124,success
guru/refactor/rust-hamt-state-res,32794799051,2026-08-25T00:43:56Z,97643768342,"lint-rust",65,success
guru/refactor/rust-hamt-state-res,32794799051,2026-08-25T00:43:56Z,97643768345,"check-sampleconfig",59,success
guru/refactor/rust-hamt-state-res,32794799051,2026-08-25T00:43:56Z,97643768355,"lint-clippy",23,success
guru/refactor/rust-hamt-state-res,32794799051,2026-08-25T00:43:56Z,97643768370,"lint-clippy-nightly",26,success
guru/refactor/rust-hamt-state-res,32794799051,2026-08-25T00:43:56Z,97643768375,"Typechecking",87,success
guru/refactor/rust-hamt-state-res,32794799051,2026-08-25T00:43:56Z,97643768380,"lint-rustfmt",18,success
guru/refactor/rust-hamt-state-res,32794799051,2026-08-25T00:43:56Z,97643768432,"lint-golangci",25,success
guru/refactor/rust-hamt-state-res,32794799051,2026-08-25T00:43:56Z,97643769479,"lint-readme",0,skipped
guru/refactor/rust-hamt-state-res,32794799051,2026-08-25T00:43:56Z,97644180520,"linting-done",4,success
guru/refactor/rust-hamt-state-res,32794799051,2026-08-25T00:43:56Z,97644198630,"cargo-test",40,success
guru/refactor/rust-hamt-state-res,32794799051,2026-08-25T00:43:56Z,97644198670,"trial-olddeps",524,success
guru/refactor/rust-hamt-state-res,32794799051,2026-08-25T00:43:56Z,97644198704,"portdb (3.13, 17)",335,success
guru/refactor/rust-hamt-state-res,32794799051,2026-08-25T00:43:56Z,97644198763,"cargo-bench",72,success
guru/refactor/rust-hamt-state-res,32794799051,2026-08-25T00:43:56Z,97644198766,"portdb (3.10, 14)",341,success
guru/refactor/rust-hamt-state-res,32794799051,2026-08-25T00:43:56Z,97644198769,"calculate-test-jobs",7,success
guru/refactor/rust-hamt-state-res,32794799051,2026-08-25T00:43:56Z,97644198843,"complement / complement (workers, Postgres)",1770,success
guru/refactor/rust-hamt-state-res,32794799051,2026-08-25T00:43:56Z,97644198851,"complement / complement (monolith, SQLite)",1112,success
guru/refactor/rust-hamt-state-res,32794799051,2026-08-25T00:43:56Z,97644198875,"complement / complement (workers, Postgres (hybrid, tikv))",1973,success
guru/refactor/rust-hamt-state-res,32794799051,2026-08-25T00:43:56Z,97644198880,"complement / complement (monolith, Postgres)",1235,success
guru/refactor/rust-hamt-state-res,32794799051,2026-08-25T00:43:56Z,97644198891,"complement / complement (hybrid, Postgres (hybrid, tikv))",1275,success
guru/refactor/rust-hamt-state-res,32794799051,2026-08-25T00:43:56Z,97644198915,"complement / complement (hybrid, SQLite (hybrid, tikv))",1156,success
guru/refactor/rust-hamt-state-res,32794799051,2026-08-25T00:43:56Z,97644199490,"trial-pypy",0,skipped
guru/refactor/rust-hamt-state-res,32794799051,2026-08-25T00:43:56Z,97644228286,"sytest (bookworm, multi-postgres, workers, asyncio)",1147,success
guru/refactor/rust-hamt-state-res,32794799051,2026-08-25T00:43:56Z,97644228292,"trial (3.13, sqlite, all)",459,success
guru/refactor/rust-hamt-state-res,32794799051,2026-08-25T00:43:56Z,97644228300,"trial (3.10, postgres, 14, all)",1301,success
guru/refactor/rust-hamt-state-res,32794799051,2026-08-25T00:43:56Z,97644228304,"sytest (bookworm, multi-postgres, workers)",1161,success
guru/refactor/rust-hamt-state-res,32794799051,2026-08-25T00:43:56Z,97644228320,"sytest (bookworm, postgres)",834,success
guru/refactor/rust-hamt-state-res,32794799051,2026-08-25T00:43:56Z,97644228337,"trial (3.10, sqlite)",491,success
guru/refactor/rust-hamt-state-res,32794799051,2026-08-25T00:43:56Z,97644228379,"sytest (bookworm)",754,success
guru/refactor/rust-hamt-state-res,32794799051,2026-08-25T00:43:56Z,97644228394,"trial (3.13, postgres, 17, all)",1170,success
guru/refactor/rust-hamt-state-res,32794799051,2026-08-25T00:43:56Z,97644228463,"trial (3.10, sqlite, all)",576,success
guru/refactor/rust-hamt-state-res,32794799051,2026-08-25T00:43:56Z,97645272370,"export-data",275,success
guru/refactor/rust-hamt-state-res,32794799051,2026-08-25T00:43:56Z,97650473608,"tests-done",3,success
guru/refactor/rust-hamt-state-res,32812087984,2026-08-25T05:14:54Z,97693227853,"lint-crlf",6,success
guru/refactor/rust-hamt-state-res,32812087984,2026-08-25T05:14:54Z,97693227920,"check-lockfile",8,success
guru/refactor/rust-hamt-state-res,32812087984,2026-08-25T05:14:54Z,97693227978,"changes",4,success
guru/refactor/rust-hamt-state-res,32812087984,2026-08-25T05:14:54Z,97693228759,"lint-newsfile",0,skipped
guru/refactor/rust-hamt-state-res,32812087984,2026-08-25T05:14:54Z,97693248353,"check-sampleconfig",66,success
guru/refactor/rust-hamt-state-res,32812087984,2026-08-25T05:14:54Z,97693248356,"check-schema-delta",22,success
guru/refactor/rust-hamt-state-res,32812087984,2026-08-25T05:14:54Z,97693248378,"Typechecking",81,success
guru/refactor/rust-hamt-state-res,32812087984,2026-08-25T05:14:54Z,97693248405,"lint-rust",66,success
guru/refactor/rust-hamt-state-res,32812087984,2026-08-25T05:14:54Z,97693248411,"lint",170,success
guru/refactor/rust-hamt-state-res,32812087984,2026-08-25T05:14:54Z,97693248417,"lint-rustfmt",20,success
guru/refactor/rust-hamt-state-res,32812087984,2026-08-25T05:14:54Z,97693248425,"lint-golangci",28,success
guru/refactor/rust-hamt-state-res,32812087984,2026-08-25T05:14:54Z,97693248487,"lint-clippy",22,success
guru/refactor/rust-hamt-state-res,32812087984,2026-08-25T05:14:54Z,97693248495,"lint-clippy-nightly",30,success
guru/refactor/rust-hamt-state-res,32812087984,2026-08-25T05:14:54Z,97693249707,"lint-readme",0,skipped
guru/refactor/rust-hamt-state-res,32812087984,2026-08-25T05:14:54Z,97693801728,"linting-done",3,success
guru/refactor/rust-hamt-state-res,32812087984,2026-08-25T05:14:54Z,97693816136,"trial-olddeps",531,failure
guru/refactor/rust-hamt-state-res,32812087984,2026-08-25T05:14:54Z,97693816141,"portdb (3.10, 14)",331,success
guru/refactor/rust-hamt-state-res,32812087984,2026-08-25T05:14:54Z,97693816159,"portdb (3.13, 17)",306,success
guru/refactor/rust-hamt-state-res,32812087984,2026-08-25T05:14:54Z,97693816195,"cargo-bench",65,success
guru/refactor/rust-hamt-state-res,32812087984,2026-08-25T05:14:54Z,97693816202,"calculate-test-jobs",6,success
guru/refactor/rust-hamt-state-res,32812087984,2026-08-25T05:14:54Z,97693816259,"cargo-test",44,success
guru/refactor/rust-hamt-state-res,32812087984,2026-08-25T05:14:54Z,97693816335,"complement / complement (hybrid, SQLite (hybrid, tikv))",69,failure
guru/refactor/rust-hamt-state-res,32812087984,2026-08-25T05:14:54Z,97693816376,"complement / complement (workers, Postgres)",40,failure
guru/refactor/rust-hamt-state-res,32812087984,2026-08-25T05:14:54Z,97693816386,"complement / complement (monolith, SQLite)",46,failure
guru/refactor/rust-hamt-state-res,32812087984,2026-08-25T05:14:54Z,97693816393,"complement / complement (monolith, Postgres)",36,failure
guru/refactor/rust-hamt-state-res,32812087984,2026-08-25T05:14:54Z,97693816394,"complement / complement (workers, Postgres (hybrid, tikv))",97,failure
guru/refactor/rust-hamt-state-res,32812087984,2026-08-25T05:14:54Z,97693816425,"complement / complement (hybrid, Postgres (hybrid, tikv))",70,failure
guru/refactor/rust-hamt-state-res,32812087984,2026-08-25T05:14:54Z,97693816851,"trial-pypy",0,skipped
guru/refactor/rust-hamt-state-res,32812087984,2026-08-25T05:14:54Z,97693840512,"sytest (bookworm, postgres)",904,success
guru/refactor/rust-hamt-state-res,32812087984,2026-08-25T05:14:54Z,97693840531,"trial (3.13, sqlite, all)",448,failure
guru/refactor/rust-hamt-state-res,32812087984,2026-08-25T05:14:54Z,97693840546,"sytest (bookworm, multi-postgres, workers)",1085,success
guru/refactor/rust-hamt-state-res,32812087984,2026-08-25T05:14:54Z,97693840556,"sytest (bookworm, multi-postgres, workers, asyncio)",1175,success
guru/refactor/rust-hamt-state-res,32812087984,2026-08-25T05:14:54Z,97693840567,"trial (3.13, postgres, 17, all)",469,cancelled
guru/refactor/rust-hamt-state-res,32812087984,2026-08-25T05:14:54Z,97693840597,"trial (3.10, sqlite)",474,cancelled
guru/refactor/rust-hamt-state-res,32812087984,2026-08-25T05:14:54Z,97693840625,"trial (3.10, sqlite, all)",469,cancelled
guru/refactor/rust-hamt-state-res,32812087984,2026-08-25T05:14:54Z,97693840636,"trial (3.10, postgres, 14, all)",467,cancelled
guru/refactor/rust-hamt-state-res,32812087984,2026-08-25T05:14:54Z,97693840641,"sytest (bookworm)",741,success
guru/refactor/rust-hamt-state-res,32812087984,2026-08-25T05:14:54Z,97694865510,"export-data",252,success
guru/refactor/rust-hamt-state-res,32812087984,2026-08-25T05:14:54Z,97697469277,"tests-done",2,failure
guru/refactor/rust-hamt-state-res,32819064389,2026-08-25T06:54:42Z,97713202552,"lint-crlf",5,success
guru/refactor/rust-hamt-state-res,32819064389,2026-08-25T06:54:42Z,97713202738,"check-lockfile",7,success
guru/refactor/rust-hamt-state-res,32819064389,2026-08-25T06:54:42Z,97713202790,"changes",5,success
guru/refactor/rust-hamt-state-res,32819064389,2026-08-25T06:54:42Z,97713203632,"lint-newsfile",0,skipped
guru/refactor/rust-hamt-state-res,32819064389,2026-08-25T06:54:42Z,97713230057,"Typechecking",83,success
guru/refactor/rust-hamt-state-res,32819064389,2026-08-25T06:54:42Z,97713230107,"check-schema-delta",28,success
guru/refactor/rust-hamt-state-res,32819064389,2026-08-25T06:54:42Z,97713230129,"lint-clippy",29,success
guru/refactor/rust-hamt-state-res,32819064389,2026-08-25T06:54:42Z,97713230139,"lint-clippy-nightly",35,success
guru/refactor/rust-hamt-state-res,32819064389,2026-08-25T06:54:42Z,97713230189,"check-sampleconfig",73,success
guru/refactor/rust-hamt-state-res,32819064389,2026-08-25T06:54:42Z,97713230209,"lint-rust",63,success
guru/refactor/rust-hamt-state-res,32819064389,2026-08-25T06:54:42Z,97713230258,"lint-rustfmt",23,success
guru/refactor/rust-hamt-state-res,32819064389,2026-08-25T06:54:42Z,97713230273,"lint",124,success
guru/refactor/rust-hamt-state-res,32819064389,2026-08-25T06:54:42Z,97713230334,"lint-golangci",22,success
guru/refactor/rust-hamt-state-res,32819064389,2026-08-25T06:54:42Z,97713231559,"lint-readme",-1,skipped
guru/refactor/rust-hamt-state-res,32819064389,2026-08-25T06:54:42Z,97713702074,"linting-done",3,success
guru/refactor/rust-hamt-state-res,32819064389,2026-08-25T06:54:42Z,97713719045,"trial-olddeps",513,success
guru/refactor/rust-hamt-state-res,32819064389,2026-08-25T06:54:42Z,97713719046,"portdb (3.13, 17)",318,success
guru/refactor/rust-hamt-state-res,32819064389,2026-08-25T06:54:42Z,97713719086,"cargo-bench",71,success
guru/refactor/rust-hamt-state-res,32819064389,2026-08-25T06:54:42Z,97713719100,"portdb (3.10, 14)",337,success
guru/refactor/rust-hamt-state-res,32819064389,2026-08-25T06:54:42Z,97713719101,"cargo-test",52,success
guru/refactor/rust-hamt-state-res,32819064389,2026-08-25T06:54:42Z,97713719158,"calculate-test-jobs",7,success
guru/refactor/rust-hamt-state-res,32819064389,2026-08-25T06:54:42Z,97713719285,"complement / complement (workers, Postgres (hybrid, tikv))",72,failure
guru/refactor/rust-hamt-state-res,32819064389,2026-08-25T06:54:42Z,97713719329,"complement / complement (monolith, SQLite)",50,failure
guru/refactor/rust-hamt-state-res,32819064389,2026-08-25T06:54:42Z,97713719350,"complement / complement (workers, Postgres)",44,failure
guru/refactor/rust-hamt-state-res,32819064389,2026-08-25T06:54:42Z,97713719405,"complement / complement (hybrid, Postgres (hybrid, tikv))",82,failure
guru/refactor/rust-hamt-state-res,32819064389,2026-08-25T06:54:42Z,97713719573,"complement / complement (hybrid, SQLite (hybrid, tikv))",57,failure
guru/refactor/rust-hamt-state-res,32819064389,2026-08-25T06:54:42Z,97713719766,"complement / complement (monolith, Postgres)",48,failure
guru/refactor/rust-hamt-state-res,32819064389,2026-08-25T06:54:42Z,97713719942,"trial-pypy",0,skipped
guru/refactor/rust-hamt-state-res,32819064389,2026-08-25T06:54:42Z,97713754619,"sytest (bookworm, multi-postgres, workers)",1195,failure
guru/refactor/rust-hamt-state-res,32819064389,2026-08-25T06:54:42Z,97713754636,"sytest (bookworm, multi-postgres, workers, asyncio)",902,success
guru/refactor/rust-hamt-state-res,32819064389,2026-08-25T06:54:42Z,97713754675,"trial (3.10, sqlite, all)",466,success
guru/refactor/rust-hamt-state-res,32819064389,2026-08-25T06:54:42Z,97713754697,"trial (3.13, postgres, 17, all)",1226,failure
guru/refactor/rust-hamt-state-res,32819064389,2026-08-25T06:54:42Z,97713754715,"sytest (bookworm)",837,success
guru/refactor/rust-hamt-state-res,32819064389,2026-08-25T06:54:42Z,97713754759,"trial (3.10, postgres, 14, all)",1248,cancelled
guru/refactor/rust-hamt-state-res,32819064389,2026-08-25T06:54:42Z,97713754804,"trial (3.10, sqlite)",514,success
guru/refactor/rust-hamt-state-res,32819064389,2026-08-25T06:54:42Z,97713754814,"sytest (bookworm, postgres)",914,success
guru/refactor/rust-hamt-state-res,32819064389,2026-08-25T06:54:42Z,97713754841,"trial (3.13, sqlite, all)",458,success
guru/refactor/rust-hamt-state-res,32819064389,2026-08-25T06:54:42Z,97715011588,"export-data",269,success
guru/refactor/rust-hamt-state-res,32819064389,2026-08-25T06:54:42Z,97718617082,"tests-done",4,failure
guru/refactor/rust-hamt-state-res,32822594206,2026-08-25T07:38:40Z,97723713680,"check-lockfile",9,success
guru/refactor/rust-hamt-state-res,32822594206,2026-08-25T07:38:40Z,97723713891,"lint-crlf",6,success
guru/refactor/rust-hamt-state-res,32822594206,2026-08-25T07:38:40Z,97723713904,"changes",5,success
guru/refactor/rust-hamt-state-res,32822594206,2026-08-25T07:38:40Z,97723714690,"lint-newsfile",0,skipped
guru/refactor/rust-hamt-state-res,32822594206,2026-08-25T07:38:40Z,97723744007,"lint-clippy-nightly",28,success
guru/refactor/rust-hamt-state-res,32822594206,2026-08-25T07:38:40Z,97723744015,"lint-clippy",29,success
guru/refactor/rust-hamt-state-res,32822594206,2026-08-25T07:38:40Z,97723744020,"Typechecking",79,success
guru/refactor/rust-hamt-state-res,32822594206,2026-08-25T07:38:40Z,97723744030,"lint",146,success
guru/refactor/rust-hamt-state-res,32822594206,2026-08-25T07:38:40Z,97723744048,"lint-rustfmt",16,success
guru/refactor/rust-hamt-state-res,32822594206,2026-08-25T07:38:40Z,97723744061,"check-schema-delta",20,success
guru/refactor/rust-hamt-state-res,32822594206,2026-08-25T07:38:40Z,97723744068,"check-sampleconfig",67,success
guru/refactor/rust-hamt-state-res,32822594206,2026-08-25T07:38:40Z,97723744082,"lint-golangci",27,success
guru/refactor/rust-hamt-state-res,32822594206,2026-08-25T07:38:40Z,97723744106,"lint-rust",58,success
guru/refactor/rust-hamt-state-res,32822594206,2026-08-25T07:38:40Z,97723745269,"lint-readme",0,skipped
guru/refactor/rust-hamt-state-res,32822594206,2026-08-25T07:38:40Z,97724362220,"linting-done",3,success
guru/refactor/rust-hamt-state-res,32822594206,2026-08-25T07:38:40Z,97724379939,"calculate-test-jobs",8,success
guru/refactor/rust-hamt-state-res,32822594206,2026-08-25T07:38:40Z,97724379960,"cargo-bench",68,success
guru/refactor/rust-hamt-state-res,32822594206,2026-08-25T07:38:40Z,97724379963,"trial-olddeps",428,success
guru/refactor/rust-hamt-state-res,32822594206,2026-08-25T07:38:40Z,97724379987,"portdb (3.10, 14)",328,success
guru/refactor/rust-hamt-state-res,32822594206,2026-08-25T07:38:40Z,97724379999,"cargo-test",43,success
guru/refactor/rust-hamt-state-res,32822594206,2026-08-25T07:38:40Z,97724380032,"portdb (3.13, 17)",325,success
guru/refactor/rust-hamt-state-res,32822594206,2026-08-25T07:38:40Z,97724380091,"complement / complement (hybrid, Postgres (hybrid, tikv))",1111,failure
guru/refactor/rust-hamt-state-res,32822594206,2026-08-25T07:38:40Z,97724380096,"complement / complement (workers, Postgres (hybrid, tikv))",1931,failure
guru/refactor/rust-hamt-state-res,32822594206,2026-08-25T07:38:40Z,97724380138,"complement / complement (workers, Postgres)",1753,success
guru/refactor/rust-hamt-state-res,32822594206,2026-08-25T07:38:40Z,97724380156,"complement / complement (monolith, SQLite)",970,success
guru/refactor/rust-hamt-state-res,32822594206,2026-08-25T07:38:40Z,97724380215,"complement / complement (hybrid, SQLite (hybrid, tikv))",998,failure
guru/refactor/rust-hamt-state-res,32822594206,2026-08-25T07:38:40Z,97724380220,"complement / complement (monolith, Postgres)",1092,success
guru/refactor/rust-hamt-state-res,32822594206,2026-08-25T07:38:40Z,97724381128,"trial-pypy",0,skipped
guru/refactor/rust-hamt-state-res,32822594206,2026-08-25T07:38:40Z,97724425473,"sytest (bookworm)",706,success
guru/refactor/rust-hamt-state-res,32822594206,2026-08-25T07:38:40Z,97724425485,"trial (3.10, sqlite, all)",393,success
guru/refactor/rust-hamt-state-res,32822594206,2026-08-25T07:38:40Z,97724425489,"trial (3.13, sqlite, all)",441,success
guru/refactor/rust-hamt-state-res,32822594206,2026-08-25T07:38:40Z,97724425504,"sytest (bookworm, multi-postgres, workers, asyncio)",1140,success
guru/refactor/rust-hamt-state-res,32822594206,2026-08-25T07:38:40Z,97724425514,"sytest (bookworm, postgres)",927,success
guru/refactor/rust-hamt-state-res,32822594206,2026-08-25T07:38:40Z,97724425530,"sytest (bookworm, multi-postgres, workers)",1150,success
guru/refactor/rust-hamt-state-res,32822594206,2026-08-25T07:38:40Z,97724425535,"trial (3.10, sqlite)",455,success
guru/refactor/rust-hamt-state-res,32822594206,2026-08-25T07:38:40Z,97724425548,"trial (3.13, postgres, 17, all)",1218,failure
guru/refactor/rust-hamt-state-res,32822594206,2026-08-25T07:38:40Z,97724425564,"trial (3.10, postgres, 14, all)",1246,cancelled
guru/refactor/rust-hamt-state-res,32822594206,2026-08-25T07:38:40Z,97725758696,"export-data",260,success
guru/refactor/rust-hamt-state-res,32822594206,2026-08-25T07:38:40Z,97732533898,"tests-done",3,failure
guru/refactor/rust-hamt-state-res,32826156895,2026-08-25T08:21:07Z,97734521900,"check-lockfile",7,success
guru/refactor/rust-hamt-state-res,32826156895,2026-08-25T08:21:07Z,97734522099,"lint-crlf",6,success
guru/refactor/rust-hamt-state-res,32826156895,2026-08-25T08:21:07Z,97734522327,"changes",6,success
guru/refactor/rust-hamt-state-res,32826156895,2026-08-25T08:21:07Z,97734523484,"lint-newsfile",0,skipped
guru/refactor/rust-hamt-state-res,32826156895,2026-08-25T08:21:07Z,97734560542,"lint-clippy-nightly",27,success
guru/refactor/rust-hamt-state-res,32826156895,2026-08-25T08:21:07Z,97734560583,"lint-golangci",29,success
guru/refactor/rust-hamt-state-res,32826156895,2026-08-25T08:21:07Z,97734560597,"lint-clippy",24,success
guru/refactor/rust-hamt-state-res,32826156895,2026-08-25T08:21:07Z,97734560612,"Typechecking",78,success
guru/refactor/rust-hamt-state-res,32826156895,2026-08-25T08:21:07Z,97734560618,"lint-rustfmt",18,success
guru/refactor/rust-hamt-state-res,32826156895,2026-08-25T08:21:07Z,97734560641,"lint-rust",69,success
guru/refactor/rust-hamt-state-res,32826156895,2026-08-25T08:21:07Z,97734560656,"lint",150,success
guru/refactor/rust-hamt-state-res,32826156895,2026-08-25T08:21:07Z,97734560699,"check-schema-delta",30,success
guru/refactor/rust-hamt-state-res,32826156895,2026-08-25T08:21:07Z,97734560810,"check-sampleconfig",64,success
guru/refactor/rust-hamt-state-res,32826156895,2026-08-25T08:21:07Z,97734561757,"lint-readme",0,skipped
guru/refactor/rust-hamt-state-res,32826156895,2026-08-25T08:21:07Z,97735225895,"linting-done",2,success
guru/refactor/rust-hamt-state-res,32826156895,2026-08-25T08:21:07Z,97735246385,"cargo-test",43,success
guru/refactor/rust-hamt-state-res,32826156895,2026-08-25T08:21:07Z,97735246391,"portdb (3.10, 14)",341,success
guru/refactor/rust-hamt-state-res,32826156895,2026-08-25T08:21:07Z,97735246430,"cargo-bench",72,success
guru/refactor/rust-hamt-state-res,32826156895,2026-08-25T08:21:07Z,97735246459,"calculate-test-jobs",7,success
guru/refactor/rust-hamt-state-res,32826156895,2026-08-25T08:21:07Z,97735246510,"trial-olddeps",461,success
guru/refactor/rust-hamt-state-res,32826156895,2026-08-25T08:21:07Z,97735246565,"portdb (3.13, 17)",356,success
guru/refactor/rust-hamt-state-res,32826156895,2026-08-25T08:21:07Z,97735246735,"complement / complement (monolith, SQLite)",959,success
guru/refactor/rust-hamt-state-res,32826156895,2026-08-25T08:21:07Z,97735246751,"complement / complement (hybrid, SQLite (hybrid, tikv))",1020,success
guru/refactor/rust-hamt-state-res,32826156895,2026-08-25T08:21:07Z,97735246761,"complement / complement (hybrid, Postgres (hybrid, tikv))",1064,success
guru/refactor/rust-hamt-state-res,32826156895,2026-08-25T08:21:07Z,97735246794,"complement / complement (workers, Postgres (hybrid, tikv))",1850,success
guru/refactor/rust-hamt-state-res,32826156895,2026-08-25T08:21:07Z,97735246823,"complement / complement (monolith, Postgres)",1120,success
guru/refactor/rust-hamt-state-res,32826156895,2026-08-25T08:21:07Z,97735246878,"complement / complement (workers, Postgres)",1820,success
guru/refactor/rust-hamt-state-res,32826156895,2026-08-25T08:21:07Z,97735247761,"trial-pypy",0,skipped
guru/refactor/rust-hamt-state-res,32826156895,2026-08-25T08:21:07Z,97735294863,"trial (3.13, postgres, 17, all)",1262,cancelled
guru/refactor/rust-hamt-state-res,32826156895,2026-08-25T08:21:07Z,97735294886,"sytest (bookworm)",757,success
guru/refactor/rust-hamt-state-res,32826156895,2026-08-25T08:21:07Z,97735294891,"trial (3.10, sqlite)",467,success
guru/refactor/rust-hamt-state-res,32826156895,2026-08-25T08:21:07Z,97735294898,"trial (3.13, sqlite, all)",481,success
guru/refactor/rust-hamt-state-res,32826156895,2026-08-25T08:21:07Z,97735294911,"trial (3.10, sqlite, all)",545,success
guru/refactor/rust-hamt-state-res,32826156895,2026-08-25T08:21:07Z,97735294941,"sytest (bookworm, postgres)",663,success
guru/refactor/rust-hamt-state-res,32826156895,2026-08-25T08:21:07Z,97735294992,"sytest (bookworm, multi-postgres, workers, asyncio)",1616,failure
guru/refactor/rust-hamt-state-res,32826156895,2026-08-25T08:21:07Z,97735295010,"sytest (bookworm, multi-postgres, workers)",1067,success
guru/refactor/rust-hamt-state-res,32826156895,2026-08-25T08:21:07Z,97735295059,"trial (3.10, postgres, 14, all)",1252,failure
guru/refactor/rust-hamt-state-res,32826156895,2026-08-25T08:21:07Z,97736837273,"export-data",250,success
guru/refactor/rust-hamt-state-res,32826156895,2026-08-25T08:21:07Z,97743554514,"tests-done",4,failure
guru/refactor/rust-hamt-state-res,32834883288,2026-08-25T09:59:32Z,97761427438,"check-lockfile",9,success
guru/refactor/rust-hamt-state-res,32834883288,2026-08-25T09:59:32Z,97761427637,"changes",6,success
guru/refactor/rust-hamt-state-res,32834883288,2026-08-25T09:59:32Z,97761427662,"lint-crlf",6,success
guru/refactor/rust-hamt-state-res,32834883288,2026-08-25T09:59:32Z,97761428812,"lint-newsfile",-1,skipped
guru/refactor/rust-hamt-state-res,32834883288,2026-08-25T09:59:32Z,97761470061,"lint",151,success
guru/refactor/rust-hamt-state-res,32834883288,2026-08-25T09:59:32Z,97761470103,"check-sampleconfig",61,success
guru/refactor/rust-hamt-state-res,32834883288,2026-08-25T09:59:32Z,97761470121,"lint-rust",63,success
guru/refactor/rust-hamt-state-res,32834883288,2026-08-25T09:59:32Z,97761470126,"lint-clippy-nightly",25,success
guru/refactor/rust-hamt-state-res,32834883288,2026-08-25T09:59:32Z,97761470167,"lint-golangci",25,success
guru/refactor/rust-hamt-state-res,32834883288,2026-08-25T09:59:32Z,97761470201,"check-schema-delta",21,success
guru/refactor/rust-hamt-state-res,32834883288,2026-08-25T09:59:32Z,97761470224,"lint-rustfmt",20,success
guru/refactor/rust-hamt-state-res,32834883288,2026-08-25T09:59:32Z,97761470254,"Typechecking",80,success
guru/refactor/rust-hamt-state-res,32834883288,2026-08-25T09:59:32Z,97761470282,"lint-clippy",26,success
guru/refactor/rust-hamt-state-res,32834883288,2026-08-25T09:59:32Z,97761471709,"lint-readme",0,skipped
guru/refactor/rust-hamt-state-res,32834883288,2026-08-25T09:59:32Z,97762179044,"linting-done",4,success
guru/refactor/rust-hamt-state-res,32834883288,2026-08-25T09:59:32Z,97762209475,"calculate-test-jobs",8,success
guru/refactor/rust-hamt-state-res,32834883288,2026-08-25T09:59:32Z,97762209489,"trial-olddeps",495,success
guru/refactor/rust-hamt-state-res,32834883288,2026-08-25T09:59:32Z,97762209491,"trial-tikv",569,failure
guru/refactor/rust-hamt-state-res,32834883288,2026-08-25T09:59:32Z,97762209505,"portdb (3.10, 14)",327,success
guru/refactor/rust-hamt-state-res,32834883288,2026-08-25T09:59:32Z,97762209515,"cargo-test",41,success
guru/refactor/rust-hamt-state-res,32834883288,2026-08-25T09:59:32Z,97762209557,"portdb (3.13, 17)",333,success
guru/refactor/rust-hamt-state-res,32834883288,2026-08-25T09:59:32Z,97762209674,"cargo-bench",58,success
guru/refactor/rust-hamt-state-res,32834883288,2026-08-25T09:59:32Z,97762209696,"complement / complement (workers, Postgres (hybrid, tikv))",1839,success
guru/refactor/rust-hamt-state-res,32834883288,2026-08-25T09:59:32Z,97762209700,"complement / complement (monolith, SQLite)",1001,success
guru/refactor/rust-hamt-state-res,32834883288,2026-08-25T09:59:32Z,97762209735,"complement / complement (hybrid, SQLite (hybrid, tikv))",998,success
guru/refactor/rust-hamt-state-res,32834883288,2026-08-25T09:59:32Z,97762209792,"complement / complement (hybrid, Postgres (hybrid, tikv))",1023,failure
guru/refactor/rust-hamt-state-res,32834883288,2026-08-25T09:59:32Z,97762209883,"complement / complement (workers, Postgres)",1762,success
guru/refactor/rust-hamt-state-res,32834883288,2026-08-25T09:59:32Z,97762209894,"complement / complement (monolith, Postgres)",1064,success
guru/refactor/rust-hamt-state-res,32834883288,2026-08-25T09:59:32Z,97762211037,"trial-pypy",-1,skipped
guru/refactor/rust-hamt-state-res,32834883288,2026-08-25T09:59:32Z,97762255504,"sytest (bookworm, multi-postgres, workers, asyncio)",949,success
guru/refactor/rust-hamt-state-res,32834883288,2026-08-25T09:59:32Z,97762255525,"sytest (bookworm, multi-postgres, workers)",1162,success
guru/refactor/rust-hamt-state-res,32834883288,2026-08-25T09:59:32Z,97762255526,"sytest (bookworm)",723,success
guru/refactor/rust-hamt-state-res,32834883288,2026-08-25T09:59:32Z,97762255535,"sytest (bookworm, postgres)",868,success
guru/refactor/rust-hamt-state-res,32834883288,2026-08-25T09:59:32Z,97762255555,"trial (3.10, sqlite)",496,success
guru/refactor/rust-hamt-state-res,32834883288,2026-08-25T09:59:32Z,97762255571,"trial (3.10, sqlite, all)",524,success
guru/refactor/rust-hamt-state-res,32834883288,2026-08-25T09:59:32Z,97762255589,"trial (3.13, postgres, 17, all)",1217,success
guru/refactor/rust-hamt-state-res,32834883288,2026-08-25T09:59:32Z,97762255627,"trial (3.13, sqlite, all)",407,success
guru/refactor/rust-hamt-state-res,32834883288,2026-08-25T09:59:32Z,97762255680,"trial (3.10, postgres, 14, all)",1072,success
guru/refactor/rust-hamt-state-res,32834883288,2026-08-25T09:59:32Z,97763728722,"export-data",256,success
guru/refactor/rust-hamt-state-res,32834883288,2026-08-25T09:59:32Z,97770417590,"tests-done",4,failure
guru/refactor/rust-hamt-state-res,32878349986,2026-08-25T17:31:08Z,97946782344,"check-lockfile",12,success
guru/refactor/rust-hamt-state-res,32878349986,2026-08-25T17:31:08Z,97946782733,"lint-crlf",8,success
guru/refactor/rust-hamt-state-res,32878349986,2026-08-25T17:31:08Z,97946783276,"Typechecking",195,success
guru/refactor/rust-hamt-state-res,32878349986,2026-08-25T17:31:08Z,97946783363,"lint-golangci",29,success
guru/refactor/rust-hamt-state-res,32878349986,2026-08-25T17:31:08Z,97946783370,"check-sampleconfig",177,success
guru/refactor/rust-hamt-state-res,32878349986,2026-08-25T17:31:08Z,97946783617,"lint-rustfmt",26,success
guru/refactor/rust-hamt-state-res,32878349986,2026-08-25T17:31:08Z,97946783956,"lint-newsfile",-8635,skipped
guru/refactor/rust-hamt-state-res,32878349986,2026-08-25T17:31:08Z,97946783961,"check-schema-delta",44,success
guru/refactor/rust-hamt-state-res,32878349986,2026-08-25T17:31:08Z,97946784733,"complement / complement (workers, Postgres)",1655,failure
guru/refactor/rust-hamt-state-res,32878349986,2026-08-25T17:31:08Z,97946784809,"trial-olddeps",570,success
guru/refactor/rust-hamt-state-res,32878349986,2026-08-25T17:31:08Z,97946784905,"linting-done",5,success
guru/refactor/rust-hamt-state-res,32878349986,2026-08-25T17:31:08Z,97946785278,"trial-pypy",-8420,skipped
guru/refactor/rust-hamt-state-res,32878349986,2026-08-25T17:31:08Z,97946785315,"trial-tikv",629,success
guru/refactor/rust-hamt-state-res,32878349986,2026-08-25T17:31:08Z,97946785483,"portdb (3.10, 14)",340,success
guru/refactor/rust-hamt-state-res,32878349986,2026-08-25T17:31:08Z,97946785568,"calculate-test-jobs",8,success
guru/refactor/rust-hamt-state-res,32878349986,2026-08-25T17:31:08Z,97946785677,"complement / complement (workers, Postgres (hybrid, tikv))",1849,success
guru/refactor/rust-hamt-state-res,32878349986,2026-08-25T17:31:08Z,97946785716,"cargo-test",44,success
guru/refactor/rust-hamt-state-res,32878349986,2026-08-25T17:31:08Z,97946785781,"cargo-bench",63,success
guru/refactor/rust-hamt-state-res,32878349986,2026-08-25T17:31:08Z,97946785861,"complement / complement (monolith, SQLite)",1136,success
guru/refactor/rust-hamt-state-res,32878349986,2026-08-25T17:31:08Z,97946785872,"complement / complement (hybrid, Postgres (hybrid, tikv))",1136,success
guru/refactor/rust-hamt-state-res,32878349986,2026-08-25T17:31:08Z,97946785906,"complement / complement (monolith, Postgres)",1089,success
guru/refactor/rust-hamt-state-res,32878349986,2026-08-25T17:31:08Z,97946785922,"complement / complement (hybrid, SQLite (hybrid, tikv))",1017,success
guru/refactor/rust-hamt-state-res,32878349986,2026-08-25T17:31:08Z,97946786178,"portdb (3.13, 17)",327,success
guru/refactor/rust-hamt-state-res,32878349986,2026-08-25T17:31:08Z,97946786201,"sytest (bookworm)",744,success
guru/refactor/rust-hamt-state-res,32878349986,2026-08-25T17:31:08Z,97946786208,"export-data",260,success
guru/refactor/rust-hamt-state-res,32878349986,2026-08-25T17:31:08Z,97946786222,"sytest (bookworm, multi-postgres, workers)",1121,success
guru/refactor/rust-hamt-state-res,32878349986,2026-08-25T17:31:08Z,97946786315,"trial (3.10, sqlite, all)",516,success
guru/refactor/rust-hamt-state-res,32878349986,2026-08-25T17:31:08Z,97946786332,"trial (3.13, sqlite, all)",532,success
guru/refactor/rust-hamt-state-res,32878349986,2026-08-25T17:31:08Z,97946786369,"trial (3.13, postgres, 17, all)",1249,success
guru/refactor/rust-hamt-state-res,32878349986,2026-08-25T17:31:08Z,97946786732,"sytest (bookworm, postgres)",887,success
guru/refactor/rust-hamt-state-res,32878349986,2026-08-25T17:31:08Z,97946786738,"trial (3.10, postgres, 14, all)",1180,success
guru/refactor/rust-hamt-state-res,32878349986,2026-08-25T17:31:08Z,97946786898,"sytest (bookworm, multi-postgres, workers, asyncio)",1150,success
guru/refactor/rust-hamt-state-res,32878349986,2026-08-25T17:31:08Z,97946786930,"trial (3.10, sqlite)",387,success
guru/refactor/rust-hamt-state-res,32878349986,2026-08-25T17:31:08Z,97946809823,"changes",7,success
guru/refactor/rust-hamt-state-res,32878349986,2026-08-25T17:31:08Z,97946814085,"lint",150,success
guru/refactor/rust-hamt-state-res,32878349986,2026-08-25T17:31:08Z,97946816614,"lint-clippy-nightly",29,success
guru/refactor/rust-hamt-state-res,32878349986,2026-08-25T17:31:08Z,97946823388,"lint-rust",66,success
guru/refactor/rust-hamt-state-res,32878349986,2026-08-25T17:31:08Z,97946829719,"lint-clippy",24,success
guru/refactor/rust-hamt-state-res,32878349986,2026-08-25T17:31:08Z,97946830582,"lint-readme",-8634,skipped
guru/refactor/rust-hamt-state-res,32878349986,2026-08-25T17:31:08Z,97955432390,"tests-done",5,failure
guru/refactor/rust-hamt-state-res,32913996294,2026-08-26T00:10:49Z,98013700371,"changes",6,success
guru/refactor/rust-hamt-state-res,32913996294,2026-08-26T00:10:49Z,98013700528,"check-lockfile",9,success
guru/refactor/rust-hamt-state-res,32913996294,2026-08-26T00:10:49Z,98013700536,"lint-crlf",5,success
guru/refactor/rust-hamt-state-res,32913996294,2026-08-26T00:10:49Z,98013701359,"lint-newsfile",0,skipped
guru/refactor/rust-hamt-state-res,32913996294,2026-08-26T00:10:49Z,98013729725,"check-sampleconfig",72,success
guru/refactor/rust-hamt-state-res,32913996294,2026-08-26T00:10:49Z,98013729738,"lint-clippy-nightly",75,success
guru/refactor/rust-hamt-state-res,32913996294,2026-08-26T00:10:49Z,98013729744,"Typechecking",81,success
guru/refactor/rust-hamt-state-res,32913996294,2026-08-26T00:10:49Z,98013729765,"check-schema-delta",18,success
guru/refactor/rust-hamt-state-res,32913996294,2026-08-26T00:10:49Z,98013729778,"lint",154,success
guru/refactor/rust-hamt-state-res,32913996294,2026-08-26T00:10:49Z,98013729795,"lint-rust",65,success
guru/refactor/rust-hamt-state-res,32913996294,2026-08-26T00:10:49Z,98013729823,"lint-clippy",69,success
guru/refactor/rust-hamt-state-res,32913996294,2026-08-26T00:10:49Z,98013729826,"lint-golangci",27,success
guru/refactor/rust-hamt-state-res,32913996294,2026-08-26T00:10:49Z,98013729862,"lint-rustfmt",17,success
guru/refactor/rust-hamt-state-res,32913996294,2026-08-26T00:10:49Z,98013730632,"lint-readme",-1,skipped
guru/refactor/rust-hamt-state-res,32913996294,2026-08-26T00:10:49Z,98014279602,"linting-done",2,success
guru/refactor/rust-hamt-state-res,32913996294,2026-08-26T00:10:49Z,98014294307,"trial-tikv",435,success
guru/refactor/rust-hamt-state-res,32913996294,2026-08-26T00:10:49Z,98014294311,"portdb (3.13, 17)",319,success
guru/refactor/rust-hamt-state-res,32913996294,2026-08-26T00:10:49Z,98014294312,"trial-olddeps",481,success
guru/refactor/rust-hamt-state-res,32913996294,2026-08-26T00:10:49Z,98014294353,"portdb (3.10, 14)",323,success
guru/refactor/rust-hamt-state-res,32913996294,2026-08-26T00:10:49Z,98014294365,"calculate-test-jobs",10,success
guru/refactor/rust-hamt-state-res,32913996294,2026-08-26T00:10:49Z,98014294369,"cargo-test",100,success
guru/refactor/rust-hamt-state-res,32913996294,2026-08-26T00:10:49Z,98014294374,"cargo-bench",73,success
guru/refactor/rust-hamt-state-res,32913996294,2026-08-26T00:10:49Z,98014294496,"complement / complement (workers, Postgres (hybrid, tikv))",1854,success
guru/refactor/rust-hamt-state-res,32913996294,2026-08-26T00:10:49Z,98014294498,"complement / complement (hybrid, SQLite (hybrid, tikv))",1005,success
guru/refactor/rust-hamt-state-res,32913996294,2026-08-26T00:10:49Z,98014294504,"complement / complement (monolith, SQLite)",970,success
guru/refactor/rust-hamt-state-res,32913996294,2026-08-26T00:10:49Z,98014294505,"complement / complement (workers, Postgres)",1776,success
guru/refactor/rust-hamt-state-res,32913996294,2026-08-26T00:10:49Z,98014294519,"complement / complement (monolith, Postgres)",1099,success
guru/refactor/rust-hamt-state-res,32913996294,2026-08-26T00:10:49Z,98014294599,"complement / complement (hybrid, Postgres (hybrid, tikv))",1116,success
guru/refactor/rust-hamt-state-res,32913996294,2026-08-26T00:10:49Z,98014295415,"trial-pypy",-1,skipped
guru/refactor/rust-hamt-state-res,32913996294,2026-08-26T00:10:49Z,98014339619,"trial (3.10, sqlite)",488,success
guru/refactor/rust-hamt-state-res,32913996294,2026-08-26T00:10:49Z,98014339637,"sytest (bookworm, postgres)",872,success
guru/refactor/rust-hamt-state-res,32913996294,2026-08-26T00:10:49Z,98014339655,"sytest (bookworm, multi-postgres, workers, tikv)",6726,cancelled
guru/refactor/rust-hamt-state-res,32913996294,2026-08-26T00:10:49Z,98014339671,"trial (3.13, postgres, 17, all)",1237,success
guru/refactor/rust-hamt-state-res,32913996294,2026-08-26T00:10:49Z,98014339683,"trial (3.10, postgres, 14, all)",1276,success
guru/refactor/rust-hamt-state-res,32913996294,2026-08-26T00:10:49Z,98014339707,"trial (3.10, sqlite, all)",414,success
guru/refactor/rust-hamt-state-res,32913996294,2026-08-26T00:10:49Z,98014339713,"sytest (bookworm, multi-postgres, workers)",6110,failure
guru/refactor/rust-hamt-state-res,32913996294,2026-08-26T00:10:49Z,98014339718,"trial (3.13, sqlite, all)",453,success
guru/refactor/rust-hamt-state-res,32913996294,2026-08-26T00:10:49Z,98014339721,"sytest (bookworm, multi-postgres, workers, asyncio)",1138,success
guru/refactor/rust-hamt-state-res,32913996294,2026-08-26T00:10:49Z,98014339725,"sytest (bookworm)",710,success
guru/refactor/rust-hamt-state-res,32913996294,2026-08-26T00:10:49Z,98015461876,"export-data",252,success
guru/refactor/rust-hamt-state-res,32913996294,2026-08-26T00:10:49Z,98035662753,"tests-done",5,failure
guru/refactor/rust-hamt-state-res,32921444703,2026-08-26T02:05:55Z,98035685197,"changes",6,success
guru/refactor/rust-hamt-state-res,32921444703,2026-08-26T02:05:55Z,98035685386,"lint-crlf",6,success
guru/refactor/rust-hamt-state-res,32921444703,2026-08-26T02:05:55Z,98035685496,"check-lockfile",5,success
guru/refactor/rust-hamt-state-res,32921444703,2026-08-26T02:05:55Z,98035686114,"lint-newsfile",-1,skipped
guru/refactor/rust-hamt-state-res,32921444703,2026-08-26T02:05:55Z,98035712046,"lint-clippy-nightly",29,success
guru/refactor/rust-hamt-state-res,32921444703,2026-08-26T02:05:55Z,98035712052,"lint-rust",66,success
guru/refactor/rust-hamt-state-res,32921444703,2026-08-26T02:05:55Z,98035712055,"lint",147,success
guru/refactor/rust-hamt-state-res,32921444703,2026-08-26T02:05:55Z,98035712058,"check-sampleconfig",68,success
guru/refactor/rust-hamt-state-res,32921444703,2026-08-26T02:05:55Z,98035712090,"lint-rustfmt",21,success
guru/refactor/rust-hamt-state-res,32921444703,2026-08-26T02:05:55Z,98035712091,"check-schema-delta",25,success
guru/refactor/rust-hamt-state-res,32921444703,2026-08-26T02:05:55Z,98035712105,"Typechecking",89,success
guru/refactor/rust-hamt-state-res,32921444703,2026-08-26T02:05:55Z,98035712108,"lint-clippy",26,success
guru/refactor/rust-hamt-state-res,32921444703,2026-08-26T02:05:55Z,98035712163,"lint-golangci",24,success
guru/refactor/rust-hamt-state-res,32921444703,2026-08-26T02:05:55Z,98035713411,"lint-readme",0,skipped
guru/refactor/rust-hamt-state-res,32921444703,2026-08-26T02:05:55Z,98036155044,"linting-done",2,success
guru/refactor/rust-hamt-state-res,32921444703,2026-08-26T02:05:55Z,98036166991,"trial-tikv",506,success
guru/refactor/rust-hamt-state-res,32921444703,2026-08-26T02:05:55Z,98036167002,"cargo-bench",183,success
guru/refactor/rust-hamt-state-res,32921444703,2026-08-26T02:05:55Z,98036167005,"calculate-test-jobs",6,success
guru/refactor/rust-hamt-state-res,32921444703,2026-08-26T02:05:55Z,98036167050,"cargo-test",42,success
guru/refactor/rust-hamt-state-res,32921444703,2026-08-26T02:05:55Z,98036167054,"portdb (3.10, 14)",330,success
guru/refactor/rust-hamt-state-res,32921444703,2026-08-26T02:05:55Z,98036167058,"portdb (3.13, 17)",376,success
guru/refactor/rust-hamt-state-res,32921444703,2026-08-26T02:05:55Z,98036167063,"trial-olddeps",585,success
guru/refactor/rust-hamt-state-res,32921444703,2026-08-26T02:05:55Z,98036167109,"complement / complement (hybrid, SQLite (hybrid, tikv))",958,success
guru/refactor/rust-hamt-state-res,32921444703,2026-08-26T02:05:55Z,98036167118,"complement / complement (hybrid, Postgres (hybrid, tikv))",1093,success
guru/refactor/rust-hamt-state-res,32921444703,2026-08-26T02:05:55Z,98036167122,"complement / complement (monolith, Postgres)",1278,success
guru/refactor/rust-hamt-state-res,32921444703,2026-08-26T02:05:55Z,98036167146,"complement / complement (workers, Postgres)",1718,success
guru/refactor/rust-hamt-state-res,32921444703,2026-08-26T02:05:55Z,98036167155,"complement / complement (monolith, SQLite)",941,success
guru/refactor/rust-hamt-state-res,32921444703,2026-08-26T02:05:55Z,98036167161,"complement / complement (workers, Postgres (hybrid, tikv))",1846,success
guru/refactor/rust-hamt-state-res,32921444703,2026-08-26T02:05:55Z,98036168155,"trial-pypy",0,skipped
guru/refactor/rust-hamt-state-res,32921444703,2026-08-26T02:05:55Z,98036191758,"sytest (bookworm, postgres)",831,success
guru/refactor/rust-hamt-state-res,32921444703,2026-08-26T02:05:55Z,98036191767,"trial (3.13, sqlite, all)",386,success
guru/refactor/rust-hamt-state-res,32921444703,2026-08-26T02:05:55Z,98036191778,"trial (3.13, postgres, 17, all)",1254,success
guru/refactor/rust-hamt-state-res,32921444703,2026-08-26T02:05:55Z,98036191780,"trial (3.10, sqlite)",468,success
guru/refactor/rust-hamt-state-res,32921444703,2026-08-26T02:05:55Z,98036191786,"sytest (bookworm)",714,success
guru/refactor/rust-hamt-state-res,32921444703,2026-08-26T02:05:55Z,98036191793,"trial (3.10, postgres, 14, all)",1299,success
guru/refactor/rust-hamt-state-res,32921444703,2026-08-26T02:05:55Z,98036191800,"sytest (bookworm, multi-postgres, workers)",1095,success
guru/refactor/rust-hamt-state-res,32921444703,2026-08-26T02:05:55Z,98036191807,"trial (3.10, sqlite, all)",556,success
guru/refactor/rust-hamt-state-res,32921444703,2026-08-26T02:05:55Z,98036191820,"sytest (bookworm, multi-postgres, workers, tikv)",1202,success
guru/refactor/rust-hamt-state-res,32921444703,2026-08-26T02:05:55Z,98036191823,"sytest (bookworm, multi-postgres, workers, asyncio)",1190,success
guru/refactor/rust-hamt-state-res,32921444703,2026-08-26T02:05:55Z,98037319661,"export-data",260,success
guru/refactor/rust-hamt-state-res,32921444703,2026-08-26T02:05:55Z,98041758947,"tests-done",4,success
guru/refactor/rust-hamt-state-res,33032212780,2026-08-27T02:05:57Z,98387048723,"lint-crlf",7,success
guru/refactor/rust-hamt-state-res,33032212780,2026-08-27T02:05:57Z,98387048953,"changes",6,success
guru/refactor/rust-hamt-state-res,33032212780,2026-08-27T02:05:57Z,98387048967,"check-lockfile",6,success
guru/refactor/rust-hamt-state-res,33032212780,2026-08-27T02:05:57Z,98387049528,"lint-newsfile",0,skipped
guru/refactor/rust-hamt-state-res,33032212780,2026-08-27T02:05:57Z,98387075600,"Typechecking",73,success
guru/refactor/rust-hamt-state-res,33032212780,2026-08-27T02:05:57Z,98387075607,"lint-clippy-nightly",28,success
guru/refactor/rust-hamt-state-res,33032212780,2026-08-27T02:05:57Z,98387075617,"check-sampleconfig",61,success
guru/refactor/rust-hamt-state-res,33032212780,2026-08-27T02:05:57Z,98387075639,"lint-clippy",23,success
guru/refactor/rust-hamt-state-res,33032212780,2026-08-27T02:05:57Z,98387075640,"lint",154,success
guru/refactor/rust-hamt-state-res,33032212780,2026-08-27T02:05:57Z,98387075651,"check-schema-delta",21,success
guru/refactor/rust-hamt-state-res,33032212780,2026-08-27T02:05:57Z,98387075665,"lint-rustfmt",25,success
guru/refactor/rust-hamt-state-res,33032212780,2026-08-27T02:05:57Z,98387075703,"lint-golangci",29,success
guru/refactor/rust-hamt-state-res,33032212780,2026-08-27T02:05:57Z,98387075779,"lint-rust",56,success
guru/refactor/rust-hamt-state-res,33032212780,2026-08-27T02:05:57Z,98387076536,"lint-readme",0,skipped
guru/refactor/rust-hamt-state-res,33032212780,2026-08-27T02:05:57Z,98387529695,"linting-done",4,success
guru/refactor/rust-hamt-state-res,33032212780,2026-08-27T02:05:57Z,98387551281,"trial-tikv",488,failure
guru/refactor/rust-hamt-state-res,33032212780,2026-08-27T02:05:57Z,98387551285,"trial-olddeps",522,success
guru/refactor/rust-hamt-state-res,33032212780,2026-08-27T02:05:57Z,98387551290,"cargo-test",39,success
guru/refactor/rust-hamt-state-res,33032212780,2026-08-27T02:05:57Z,98387551294,"calculate-test-jobs",6,success
guru/refactor/rust-hamt-state-res,33032212780,2026-08-27T02:05:57Z,98387551300,"portdb (3.10, 14)",351,success
guru/refactor/rust-hamt-state-res,33032212780,2026-08-27T02:05:57Z,98387551321,"cargo-bench",76,success
guru/refactor/rust-hamt-state-res,33032212780,2026-08-27T02:05:57Z,98387551337,"portdb (3.13, 17)",330,success
guru/refactor/rust-hamt-state-res,33032212780,2026-08-27T02:05:57Z,98387551432,"complement / complement (workers, Postgres (hybrid, tikv))",1543,cancelled
guru/refactor/rust-hamt-state-res,33032212780,2026-08-27T02:05:57Z,98387551442,"complement / complement (hybrid, Postgres (hybrid, tikv))",1064,failure
guru/refactor/rust-hamt-state-res,33032212780,2026-08-27T02:05:57Z,98387551443,"complement / complement (monolith, Postgres)",959,failure
guru/refactor/rust-hamt-state-res,33032212780,2026-08-27T02:05:57Z,98387551446,"complement / complement (hybrid, SQLite (hybrid, tikv))",906,failure
guru/refactor/rust-hamt-state-res,33032212780,2026-08-27T02:05:57Z,98387551447,"complement / complement (workers, Postgres)",1363,cancelled
guru/refactor/rust-hamt-state-res,33032212780,2026-08-27T02:05:57Z,98387551458,"complement / complement (monolith, SQLite)",971,success
guru/refactor/rust-hamt-state-res,33032212780,2026-08-27T02:05:57Z,98387551838,"trial-pypy",-1,skipped
guru/refactor/rust-hamt-state-res,33032212780,2026-08-27T02:05:57Z,98387575618,"sytest (bookworm)",860,success
guru/refactor/rust-hamt-state-res,33032212780,2026-08-27T02:05:57Z,98387575632,"sytest (bookworm, postgres)",826,success
guru/refactor/rust-hamt-state-res,33032212780,2026-08-27T02:05:57Z,98387575649,"trial (3.10, sqlite)",367,success
guru/refactor/rust-hamt-state-res,33032212780,2026-08-27T02:05:57Z,98387575651,"trial (3.10, postgres, 14, all)",429,cancelled
guru/refactor/rust-hamt-state-res,33032212780,2026-08-27T02:05:57Z,98387575667,"sytest (bookworm, multi-postgres, workers, asyncio)",834,success
guru/refactor/rust-hamt-state-res,33032212780,2026-08-27T02:05:57Z,98387575670,"sytest (bookworm, multi-postgres, workers)",1129,success
guru/refactor/rust-hamt-state-res,33032212780,2026-08-27T02:05:57Z,98387575675,"trial (3.10, tikv, all)",411,failure
guru/refactor/rust-hamt-state-res,33032212780,2026-08-27T02:05:57Z,98387575679,"trial (3.13, sqlite, all)",411,success
guru/refactor/rust-hamt-state-res,33032212780,2026-08-27T02:05:57Z,98387575690,"trial (3.13, postgres, 17, all)",430,cancelled
guru/refactor/rust-hamt-state-res,33032212780,2026-08-27T02:05:57Z,98387575696,"sytest (bookworm, multi-postgres, workers, tikv)",465,failure
guru/refactor/rust-hamt-state-res,33032212780,2026-08-27T02:05:57Z,98387575697,"trial (3.10, sqlite, all)",433,cancelled
guru/refactor/rust-hamt-state-res,33032212780,2026-08-27T02:05:57Z,98388509254,"export-data",255,success
guru/refactor/rust-hamt-state-res,33032212780,2026-08-27T02:05:57Z,98391679799,"tests-done",4,failure
guru/refactor/rust-hamt-state-res,33033530930,2026-08-27T02:31:17Z,98391698597,"check-lockfile",6,success
guru/refactor/rust-hamt-state-res,33033530930,2026-08-27T02:31:17Z,98391698805,"changes",5,success
guru/refactor/rust-hamt-state-res,33033530930,2026-08-27T02:31:17Z,98391698823,"lint-crlf",7,success
guru/refactor/rust-hamt-state-res,33033530930,2026-08-27T02:31:17Z,98391699378,"lint-newsfile",-1,skipped
guru/refactor/rust-hamt-state-res,33033530930,2026-08-27T02:31:17Z,98391717675,"Typechecking",86,success
guru/refactor/rust-hamt-state-res,33033530930,2026-08-27T02:31:17Z,98391717684,"check-sampleconfig",69,success
guru/refactor/rust-hamt-state-res,33033530930,2026-08-27T02:31:17Z,98391717706,"lint-clippy-nightly",30,success
guru/refactor/rust-hamt-state-res,33033530930,2026-08-27T02:31:17Z,98391717708,"lint-clippy",23,success
guru/refactor/rust-hamt-state-res,33033530930,2026-08-27T02:31:17Z,98391717738,"lint-rust",69,success
guru/refactor/rust-hamt-state-res,33033530930,2026-08-27T02:31:17Z,98391717744,"lint",148,success
guru/refactor/rust-hamt-state-res,33033530930,2026-08-27T02:31:17Z,98391717755,"check-schema-delta",20,success
guru/refactor/rust-hamt-state-res,33033530930,2026-08-27T02:31:17Z,98391717763,"lint-rustfmt",22,success
guru/refactor/rust-hamt-state-res,33033530930,2026-08-27T02:31:17Z,98391717765,"lint-golangci",24,success
guru/refactor/rust-hamt-state-res,33033530930,2026-08-27T02:31:17Z,98391718605,"lint-readme",0,skipped
guru/refactor/rust-hamt-state-res,33033530930,2026-08-27T02:31:17Z,98392122597,"linting-done",2,success
guru/refactor/rust-hamt-state-res,33033530930,2026-08-27T02:31:17Z,98392135549,"portdb (3.13, 17)",328,success
guru/refactor/rust-hamt-state-res,33033530930,2026-08-27T02:31:17Z,98392135564,"calculate-test-jobs",5,success
guru/refactor/rust-hamt-state-res,33033530930,2026-08-27T02:31:17Z,98392135576,"trial-tikv",466,success
guru/refactor/rust-hamt-state-res,33033530930,2026-08-27T02:31:17Z,98392135578,"portdb (3.10, 14)",319,success
guru/refactor/rust-hamt-state-res,33033530930,2026-08-27T02:31:17Z,98392135592,"trial-olddeps",546,success
guru/refactor/rust-hamt-state-res,33033530930,2026-08-27T02:31:17Z,98392135606,"cargo-bench",73,success
guru/refactor/rust-hamt-state-res,33033530930,2026-08-27T02:31:17Z,98392135619,"cargo-test",41,success
guru/refactor/rust-hamt-state-res,33033530930,2026-08-27T02:31:17Z,98392135642,"complement / complement (workers, Postgres)",1768,success
guru/refactor/rust-hamt-state-res,33033530930,2026-08-27T02:31:17Z,98392135677,"complement / complement (workers, Postgres (hybrid, tikv))",1769,success
guru/refactor/rust-hamt-state-res,33033530930,2026-08-27T02:31:17Z,98392135685,"complement / complement (hybrid, Postgres (hybrid, tikv))",1129,success
guru/refactor/rust-hamt-state-res,33033530930,2026-08-27T02:31:17Z,98392135710,"complement / complement (monolith, Postgres)",1048,success
guru/refactor/rust-hamt-state-res,33033530930,2026-08-27T02:31:17Z,98392135725,"complement / complement (hybrid, SQLite (hybrid, tikv))",969,success
guru/refactor/rust-hamt-state-res,33033530930,2026-08-27T02:31:17Z,98392135754,"complement / complement (monolith, SQLite)",993,success
guru/refactor/rust-hamt-state-res,33033530930,2026-08-27T02:31:17Z,98392136245,"trial-pypy",0,skipped
guru/refactor/rust-hamt-state-res,33033530930,2026-08-27T02:31:17Z,98392152111,"sytest (bookworm)",726,success
guru/refactor/rust-hamt-state-res,33033530930,2026-08-27T02:31:17Z,98392152117,"sytest (bookworm, postgres)",883,success
guru/refactor/rust-hamt-state-res,33033530930,2026-08-27T02:31:17Z,98392152118,"trial (3.10, sqlite, all)",531,success
guru/refactor/rust-hamt-state-res,33033530930,2026-08-27T02:31:17Z,98392152132,"sytest (bookworm, multi-postgres, workers)",1145,success
guru/refactor/rust-hamt-state-res,33033530930,2026-08-27T02:31:17Z,98392152140,"sytest (bookworm, multi-postgres, workers, asyncio)",1171,success
guru/refactor/rust-hamt-state-res,33033530930,2026-08-27T02:31:17Z,98392152162,"trial (3.13, sqlite, all)",412,success
guru/refactor/rust-hamt-state-res,33033530930,2026-08-27T02:31:17Z,98392152169,"sytest (bookworm, multi-postgres, workers, tikv)",1016,success
guru/refactor/rust-hamt-state-res,33033530930,2026-08-27T02:31:17Z,98392152196,"trial (3.13, postgres, 17, all)",1214,success
guru/refactor/rust-hamt-state-res,33033530930,2026-08-27T02:31:17Z,98392152229,"trial (3.10, postgres, 14, all)",1318,success
guru/refactor/rust-hamt-state-res,33033530930,2026-08-27T02:31:17Z,98392152250,"trial (3.10, sqlite)",482,success
guru/refactor/rust-hamt-state-res,33033530930,2026-08-27T02:31:17Z,98392152310,"trial (3.10, tikv, all)",580,success
guru/refactor/rust-hamt-state-res,33033530930,2026-08-27T02:31:17Z,98393024498,"export-data",280,success
guru/refactor/rust-hamt-state-res,33033530930,2026-08-27T02:31:17Z,98396828998,"tests-done",2,success
guru/refactor/rust-hamt-state-res,33050986696,2026-08-27T07:44:25Z,98446157527,"check-lockfile",8,success
guru/refactor/rust-hamt-state-res,33050986696,2026-08-27T07:44:25Z,98446157715,"lint-crlf",6,success
guru/refactor/rust-hamt-state-res,33050986696,2026-08-27T07:44:25Z,98446157799,"changes",5,success
guru/refactor/rust-hamt-state-res,33050986696,2026-08-27T07:44:25Z,98446159036,"lint-newsfile",-1,skipped
guru/refactor/rust-hamt-state-res,33050986696,2026-08-27T07:44:25Z,98446184319,"lint-clippy-nightly",28,success
guru/refactor/rust-hamt-state-res,33050986696,2026-08-27T07:44:25Z,98446184351,"check-sampleconfig",63,success
guru/refactor/rust-hamt-state-res,33050986696,2026-08-27T07:44:25Z,98446184412,"lint-rustfmt",25,success
guru/refactor/rust-hamt-state-res,33050986696,2026-08-27T07:44:25Z,98446184432,"lint",147,success
guru/refactor/rust-hamt-state-res,33050986696,2026-08-27T07:44:25Z,98446184436,"Typechecking",196,success
guru/refactor/rust-hamt-state-res,33050986696,2026-08-27T07:44:25Z,98446184442,"lint-rust",60,success
guru/refactor/rust-hamt-state-res,33050986696,2026-08-27T07:44:25Z,98446184448,"check-schema-delta",20,success
guru/refactor/rust-hamt-state-res,33050986696,2026-08-27T07:44:25Z,98446184464,"lint-clippy",23,success
guru/refactor/rust-hamt-state-res,33050986696,2026-08-27T07:44:25Z,98446184502,"lint-golangci",27,success
guru/refactor/rust-hamt-state-res,33050986696,2026-08-27T07:44:25Z,98446185585,"lint-readme",-1,skipped
guru/refactor/rust-hamt-state-res,33050986696,2026-08-27T07:44:25Z,98446964599,"linting-done",4,success
guru/refactor/rust-hamt-state-res,33050986696,2026-08-27T07:44:25Z,98447011264,"portdb (3.13, 17)",325,success
guru/refactor/rust-hamt-state-res,33050986696,2026-08-27T07:44:25Z,98447011281,"trial-tikv",628,success
guru/refactor/rust-hamt-state-res,33050986696,2026-08-27T07:44:25Z,98447011290,"trial-olddeps",407,success
guru/refactor/rust-hamt-state-res,33050986696,2026-08-27T07:44:25Z,98447011361,"calculate-test-jobs",9,success
guru/refactor/rust-hamt-state-res,33050986696,2026-08-27T07:44:25Z,98447011397,"portdb (3.10, 14)",342,success
guru/refactor/rust-hamt-state-res,33050986696,2026-08-27T07:44:25Z,98447011429,"cargo-test",45,success
guru/refactor/rust-hamt-state-res,33050986696,2026-08-27T07:44:25Z,98447011495,"cargo-bench",76,success
guru/refactor/rust-hamt-state-res,33050986696,2026-08-27T07:44:25Z,98447011740,"complement / complement (workers, Postgres (hybrid, tikv))",1831,success
guru/refactor/rust-hamt-state-res,33050986696,2026-08-27T07:44:25Z,98447011759,"complement / complement (monolith, SQLite)",994,success
guru/refactor/rust-hamt-state-res,33050986696,2026-08-27T07:44:25Z,98447011773,"complement / complement (hybrid, Postgres (hybrid, tikv))",1204,failure
guru/refactor/rust-hamt-state-res,33050986696,2026-08-27T07:44:25Z,98447011809,"complement / complement (workers, Postgres)",1743,success
guru/refactor/rust-hamt-state-res,33050986696,2026-08-27T07:44:25Z,98447011813,"complement / complement (monolith, Postgres)",1107,success
guru/refactor/rust-hamt-state-res,33050986696,2026-08-27T07:44:25Z,98447011818,"complement / complement (hybrid, SQLite (hybrid, tikv))",988,success
guru/refactor/rust-hamt-state-res,33050986696,2026-08-27T07:44:25Z,98447012826,"trial-pypy",0,skipped
guru/refactor/rust-hamt-state-res,33050986696,2026-08-27T07:44:25Z,98447054179,"sytest (bookworm)",687,success
guru/refactor/rust-hamt-state-res,33050986696,2026-08-27T07:44:25Z,98447054215,"trial (3.10, sqlite)",441,success
guru/refactor/rust-hamt-state-res,33050986696,2026-08-27T07:44:25Z,98447054231,"sytest (bookworm, postgres)",863,success
guru/refactor/rust-hamt-state-res,33050986696,2026-08-27T07:44:25Z,98447054246,"trial (3.13, postgres, 17, all)",1207,success
guru/refactor/rust-hamt-state-res,33050986696,2026-08-27T07:44:25Z,98447054257,"sytest (bookworm, multi-postgres, workers, tikv)",1130,success
guru/refactor/rust-hamt-state-res,33050986696,2026-08-27T07:44:25Z,98447054285,"sytest (bookworm, multi-postgres, workers)",1118,success
guru/refactor/rust-hamt-state-res,33050986696,2026-08-27T07:44:25Z,98447054291,"trial (3.10, sqlite, all)",559,success
guru/refactor/rust-hamt-state-res,33050986696,2026-08-27T07:44:25Z,98447054294,"trial (3.10, tikv, all)",528,success
guru/refactor/rust-hamt-state-res,33050986696,2026-08-27T07:44:25Z,98447054336,"trial (3.10, postgres, 14, all)",1242,success
guru/refactor/rust-hamt-state-res,33050986696,2026-08-27T07:44:25Z,98447054347,"trial (3.13, sqlite, all)",427,success
guru/refactor/rust-hamt-state-res,33050986696,2026-08-27T07:44:25Z,98447054364,"sytest (bookworm, multi-postgres, workers, asyncio)",2926,failure
guru/refactor/rust-hamt-state-res,33050986696,2026-08-27T07:44:25Z,98448354409,"export-data",269,success
guru/refactor/rust-hamt-state-res,33050986696,2026-08-27T07:44:25Z,98458871552,"tests-done",3,failure
guru/refactor/rust-hamt-state-res,33057068363,2026-08-27T09:07:00Z,98466398133,"check-lockfile",7,success
guru/refactor/rust-hamt-state-res,33057068363,2026-08-27T09:07:00Z,98466398512,"lint-crlf",7,success
guru/refactor/rust-hamt-state-res,33057068363,2026-08-27T09:07:00Z,98466398523,"changes",4,success
guru/refactor/rust-hamt-state-res,33057068363,2026-08-27T09:07:00Z,98466399366,"lint-newsfile",-1,skipped
guru/refactor/rust-hamt-state-res,33057068363,2026-08-27T09:07:00Z,98466427929,"lint-clippy-nightly",74,success
guru/refactor/rust-hamt-state-res,33057068363,2026-08-27T09:07:00Z,98466427946,"check-sampleconfig",60,success
guru/refactor/rust-hamt-state-res,33057068363,2026-08-27T09:07:00Z,98466427970,"Typechecking",148,success
guru/refactor/rust-hamt-state-res,33057068363,2026-08-27T09:07:00Z,98466427974,"lint-clippy",29,success
guru/refactor/rust-hamt-state-res,33057068363,2026-08-27T09:07:00Z,98466428013,"lint-rustfmt",17,success
guru/refactor/rust-hamt-state-res,33057068363,2026-08-27T09:07:00Z,98466428016,"lint-golangci",24,success
guru/refactor/rust-hamt-state-res,33057068363,2026-08-27T09:07:00Z,98466428038,"lint-rust",59,success
guru/refactor/rust-hamt-state-res,33057068363,2026-08-27T09:07:00Z,98466428054,"check-schema-delta",23,success
guru/refactor/rust-hamt-state-res,33057068363,2026-08-27T09:07:00Z,98466428077,"lint",153,success
guru/refactor/rust-hamt-state-res,33057068363,2026-08-27T09:07:00Z,98466429858,"lint-readme",0,skipped
guru/refactor/rust-hamt-state-res,33057068363,2026-08-27T09:07:00Z,98467112209,"linting-done",2,success
guru/refactor/rust-hamt-state-res,33057068363,2026-08-27T09:07:00Z,98467132547,"trial-tikv",468,success
guru/refactor/rust-hamt-state-res,33057068363,2026-08-27T09:07:00Z,98467132548,"portdb (3.10, 14)",340,success
guru/refactor/rust-hamt-state-res,33057068363,2026-08-27T09:07:00Z,98467132559,"calculate-test-jobs",7,success
guru/refactor/rust-hamt-state-res,33057068363,2026-08-27T09:07:00Z,98467132567,"portdb (3.13, 17)",307,success
guru/refactor/rust-hamt-state-res,33057068363,2026-08-27T09:07:00Z,98467132573,"trial-olddeps",651,success
guru/refactor/rust-hamt-state-res,33057068363,2026-08-27T09:07:00Z,98467132638,"cargo-test",111,success
guru/refactor/rust-hamt-state-res,33057068363,2026-08-27T09:07:00Z,98467132695,"cargo-bench",72,success
guru/refactor/rust-hamt-state-res,33057068363,2026-08-27T09:07:00Z,98467132889,"complement / complement (monolith, Postgres)",1069,success
guru/refactor/rust-hamt-state-res,33057068363,2026-08-27T09:07:00Z,98467132936,"complement / complement (workers, Postgres (hybrid, tikv))",2078,success
guru/refactor/rust-hamt-state-res,33057068363,2026-08-27T09:07:00Z,98467132952,"complement / complement (hybrid, SQLite (hybrid, tikv))",1023,success
guru/refactor/rust-hamt-state-res,33057068363,2026-08-27T09:07:00Z,98467132965,"complement / complement (monolith, SQLite)",884,success
guru/refactor/rust-hamt-state-res,33057068363,2026-08-27T09:07:00Z,98467132991,"complement / complement (workers, Postgres)",1713,failure
guru/refactor/rust-hamt-state-res,33057068363,2026-08-27T09:07:00Z,98467133033,"complement / complement (hybrid, Postgres (hybrid, tikv))",974,success
guru/refactor/rust-hamt-state-res,33057068363,2026-08-27T09:07:00Z,98467133968,"trial-pypy",0,skipped
guru/refactor/rust-hamt-state-res,33057068363,2026-08-27T09:07:00Z,98467171532,"trial (3.10, postgres, 14, all)",1093,success
guru/refactor/rust-hamt-state-res,33057068363,2026-08-27T09:07:00Z,98467171541,"trial (3.10, sqlite, all)",395,success
guru/refactor/rust-hamt-state-res,33057068363,2026-08-27T09:07:00Z,98467171552,"sytest (bookworm, multi-postgres, workers, tikv)",1213,success
guru/refactor/rust-hamt-state-res,33057068363,2026-08-27T09:07:00Z,98467171563,"sytest (bookworm)",755,success
guru/refactor/rust-hamt-state-res,33057068363,2026-08-27T09:07:00Z,98467171568,"trial (3.10, sqlite)",458,success
guru/refactor/rust-hamt-state-res,33057068363,2026-08-27T09:07:00Z,98467171570,"sytest (bookworm, multi-postgres, workers, asyncio)",1235,success
guru/refactor/rust-hamt-state-res,33057068363,2026-08-27T09:07:00Z,98467171572,"sytest (bookworm, multi-postgres, workers)",814,success
guru/refactor/rust-hamt-state-res,33057068363,2026-08-27T09:07:00Z,98467171581,"trial (3.10, tikv, all)",586,success
guru/refactor/rust-hamt-state-res,33057068363,2026-08-27T09:07:00Z,98467171583,"trial (3.13, sqlite, all)",423,success
guru/refactor/rust-hamt-state-res,33057068363,2026-08-27T09:07:00Z,98467171587,"trial (3.13, postgres, 17, all)",1226,success
guru/refactor/rust-hamt-state-res,33057068363,2026-08-27T09:07:00Z,98467171598,"sytest (bookworm, postgres)",806,success
guru/refactor/rust-hamt-state-res,33057068363,2026-08-27T09:07:00Z,98468596129,"export-data",270,success
guru/refactor/rust-hamt-state-res,33057068363,2026-08-27T09:07:00Z,98475905472,"tests-done",5,failure
guru/refactor/rust-hamt-state-res,33091378796,2026-08-27T16:05:13Z,98584794325,"check-lockfile",9,success
guru/refactor/rust-hamt-state-res,33091378796,2026-08-27T16:05:13Z,98584794593,"lint-crlf",9,success
guru/refactor/rust-hamt-state-res,33091378796,2026-08-27T16:05:13Z,98584794779,"changes",5,success
guru/refactor/rust-hamt-state-res,33091378796,2026-08-27T16:05:13Z,98584796231,"lint-newsfile",-1,skipped
guru/refactor/rust-hamt-state-res,33091378796,2026-08-27T16:05:13Z,98584835142,"lint-clippy",36,success
guru/refactor/rust-hamt-state-res,33091378796,2026-08-27T16:05:13Z,98584835214,"lint",170,success
guru/refactor/rust-hamt-state-res,33091378796,2026-08-27T16:05:13Z,98584835257,"check-sampleconfig",88,success
guru/refactor/rust-hamt-state-res,33091378796,2026-08-27T16:05:13Z,98584835376,"check-schema-delta",21,success
guru/refactor/rust-hamt-state-res,33091378796,2026-08-27T16:05:13Z,98584835524,"lint-golangci",32,success
guru/refactor/rust-hamt-state-res,33091378796,2026-08-27T16:05:13Z,98584835560,"lint-rust",175,success
guru/refactor/rust-hamt-state-res,33091378796,2026-08-27T16:05:13Z,98584835606,"lint-rustfmt",27,success
guru/refactor/rust-hamt-state-res,33091378796,2026-08-27T16:05:13Z,98584835635,"Typechecking",199,success
guru/refactor/rust-hamt-state-res,33091378796,2026-08-27T16:05:13Z,98584835652,"lint-clippy-nightly",31,success
guru/refactor/rust-hamt-state-res,33091378796,2026-08-27T16:05:13Z,98584837181,"lint-readme",-1,skipped
guru/refactor/rust-hamt-state-res,33091378796,2026-08-27T16:05:13Z,98585868456,"linting-done",3,success
guru/refactor/rust-hamt-state-res,33091378796,2026-08-27T16:05:13Z,98585895777,"trial-tikv",372,failure
guru/refactor/rust-hamt-state-res,33091378796,2026-08-27T16:05:13Z,98585895845,"trial-olddeps",552,failure
guru/refactor/rust-hamt-state-res,33091378796,2026-08-27T16:05:13Z,98585895875,"calculate-test-jobs",8,success
guru/refactor/rust-hamt-state-res,33091378796,2026-08-27T16:05:13Z,98585895987,"portdb (3.13, 17)",341,success
guru/refactor/rust-hamt-state-res,33091378796,2026-08-27T16:05:13Z,98585896085,"cargo-test",55,success
guru/refactor/rust-hamt-state-res,33091378796,2026-08-27T16:05:13Z,98585896106,"portdb (3.10, 14)",336,success
guru/refactor/rust-hamt-state-res,33091378796,2026-08-27T16:05:13Z,98585896262,"cargo-bench",105,success
guru/refactor/rust-hamt-state-res,33091378796,2026-08-27T16:05:13Z,98585896298,"complement / complement (monolith, Postgres)",1111,success
guru/refactor/rust-hamt-state-res,33091378796,2026-08-27T16:05:13Z,98585896307,"complement / complement (hybrid, Postgres (hybrid, tikv))",2193,cancelled
guru/refactor/rust-hamt-state-res,33091378796,2026-08-27T16:05:13Z,98585896311,"complement / complement (hybrid, SQLite (hybrid, tikv))",2215,cancelled
guru/refactor/rust-hamt-state-res,33091378796,2026-08-27T16:05:13Z,98585896344,"complement / complement (monolith, SQLite)",989,success
guru/refactor/rust-hamt-state-res,33091378796,2026-08-27T16:05:13Z,98585896459,"complement / complement (workers, Postgres (hybrid, tikv))",2215,cancelled
guru/refactor/rust-hamt-state-res,33091378796,2026-08-27T16:05:13Z,98585896576,"complement / complement (workers, Postgres)",1761,failure
guru/refactor/rust-hamt-state-res,33091378796,2026-08-27T16:05:13Z,98585897065,"trial-pypy",0,skipped
guru/refactor/rust-hamt-state-res,33091378796,2026-08-27T16:05:13Z,98585948306,"sytest (bookworm, multi-postgres, workers, asyncio)",1267,success
guru/refactor/rust-hamt-state-res,33091378796,2026-08-27T16:05:13Z,98585948308,"sytest (bookworm, postgres)",747,success
guru/refactor/rust-hamt-state-res,33091378796,2026-08-27T16:05:13Z,98585948326,"sytest (bookworm, multi-postgres, workers, tikv)",1916,cancelled
guru/refactor/rust-hamt-state-res,33091378796,2026-08-27T16:05:13Z,98585948361,"trial (3.10, sqlite, all)",414,failure
guru/refactor/rust-hamt-state-res,33091378796,2026-08-27T16:05:13Z,98585948368,"trial (3.13, postgres, 17, all)",464,cancelled
guru/refactor/rust-hamt-state-res,33091378796,2026-08-27T16:05:13Z,98585948382,"sytest (bookworm)",759,success
guru/refactor/rust-hamt-state-res,33091378796,2026-08-27T16:05:13Z,98585948388,"sytest (bookworm, multi-postgres, workers)",1213,success
guru/refactor/rust-hamt-state-res,33091378796,2026-08-27T16:05:13Z,98585948418,"trial (3.10, tikv, all)",473,cancelled
guru/refactor/rust-hamt-state-res,33091378796,2026-08-27T16:05:13Z,98585948437,"trial (3.10, postgres, 14, all)",466,cancelled
guru/refactor/rust-hamt-state-res,33091378796,2026-08-27T16:05:13Z,98585948487,"trial (3.10, sqlite)",442,cancelled
guru/refactor/rust-hamt-state-res,33091378796,2026-08-27T16:05:13Z,98585948627,"trial (3.13, sqlite, all)",440,cancelled
guru/refactor/rust-hamt-state-res,33091378796,2026-08-27T16:05:13Z,98587672324,"export-data",299,success
guru/refactor/rust-hamt-state-res,33091378796,2026-08-27T16:05:13Z,98597140912,"tests-done",5,failure
guru/refactor/rust-hamt-state-res,33094462052,2026-08-27T16:40:45Z,98597180980,"check-lockfile",9,success
guru/refactor/rust-hamt-state-res,33094462052,2026-08-27T16:40:45Z,98597181148,"changes",5,success
guru/refactor/rust-hamt-state-res,33094462052,2026-08-27T16:40:45Z,98597181236,"lint-crlf",7,success
guru/refactor/rust-hamt-state-res,33094462052,2026-08-27T16:40:45Z,98597182054,"lint-newsfile",-1,skipped
guru/refactor/rust-hamt-state-res,33094462052,2026-08-27T16:40:45Z,98597218666,"Typechecking",91,success
guru/refactor/rust-hamt-state-res,33094462052,2026-08-27T16:40:45Z,98597218693,"lint-clippy",27,success
guru/refactor/rust-hamt-state-res,33094462052,2026-08-27T16:40:45Z,98597218767,"lint-rust",68,success
guru/refactor/rust-hamt-state-res,33094462052,2026-08-27T16:40:45Z,98597218768,"check-sampleconfig",66,success
guru/refactor/rust-hamt-state-res,33094462052,2026-08-27T16:40:45Z,98597218792,"lint",156,success
guru/refactor/rust-hamt-state-res,33094462052,2026-08-27T16:40:45Z,98597218805,"lint-rustfmt",17,success
guru/refactor/rust-hamt-state-res,33094462052,2026-08-27T16:40:45Z,98597218833,"check-schema-delta",21,success
guru/refactor/rust-hamt-state-res,33094462052,2026-08-27T16:40:45Z,98597218879,"lint-golangci",24,success
guru/refactor/rust-hamt-state-res,33094462052,2026-08-27T16:40:45Z,98597218970,"lint-clippy-nightly",30,success
guru/refactor/rust-hamt-state-res,33094462052,2026-08-27T16:40:45Z,98597221068,"lint-readme",0,skipped
guru/refactor/rust-hamt-state-res,33094462052,2026-08-27T16:40:45Z,98597997385,"linting-done",5,success
guru/refactor/rust-hamt-state-res,33094462052,2026-08-27T16:40:45Z,98598033095,"trial-tikv",455,failure
guru/refactor/rust-hamt-state-res,33094462052,2026-08-27T16:40:45Z,98598033115,"portdb (3.10, 14)",333,success
guru/refactor/rust-hamt-state-res,33094462052,2026-08-27T16:40:45Z,98598033119,"cargo-test",41,success
guru/refactor/rust-hamt-state-res,33094462052,2026-08-27T16:40:45Z,98598033124,"trial-olddeps",576,failure
guru/refactor/rust-hamt-state-res,33094462052,2026-08-27T16:40:45Z,98598033155,"portdb (3.13, 17)",329,success
guru/refactor/rust-hamt-state-res,33094462052,2026-08-27T16:40:45Z,98598033178,"calculate-test-jobs",5,success
guru/refactor/rust-hamt-state-res,33094462052,2026-08-27T16:40:45Z,98598033300,"complement / complement (monolith, SQLite)",956,success
guru/refactor/rust-hamt-state-res,33094462052,2026-08-27T16:40:45Z,98598033315,"complement / complement (workers, Postgres (hybrid, tikv))",2157,cancelled
guru/refactor/rust-hamt-state-res,33094462052,2026-08-27T16:40:45Z,98598033317,"complement / complement (hybrid, SQLite (hybrid, tikv))",2092,cancelled
guru/refactor/rust-hamt-state-res,33094462052,2026-08-27T16:40:45Z,98598033330,"complement / complement (hybrid, Postgres (hybrid, tikv))",2157,cancelled
guru/refactor/rust-hamt-state-res,33094462052,2026-08-27T16:40:45Z,98598033361,"complement / complement (monolith, Postgres)",1093,success
guru/refactor/rust-hamt-state-res,33094462052,2026-08-27T16:40:45Z,98598033455,"complement / complement (workers, Postgres)",1742,success
guru/refactor/rust-hamt-state-res,33094462052,2026-08-27T16:40:45Z,98598034146,"cargo-bench",77,success
guru/refactor/rust-hamt-state-res,33094462052,2026-08-27T16:40:45Z,98598035345,"trial-pypy",0,skipped
guru/refactor/rust-hamt-state-res,33094462052,2026-08-27T16:40:45Z,98598069709,"sytest (bookworm, multi-postgres, workers)",1210,success
guru/refactor/rust-hamt-state-res,33094462052,2026-08-27T16:40:45Z,98598069727,"sytest (bookworm)",724,success
guru/refactor/rust-hamt-state-res,33094462052,2026-08-27T16:40:45Z,98598069731,"trial (3.13, postgres, 17, all)",448,failure
guru/refactor/rust-hamt-state-res,33094462052,2026-08-27T16:40:45Z,98598069732,"trial (3.10, sqlite, all)",475,cancelled
guru/refactor/rust-hamt-state-res,33094462052,2026-08-27T16:40:45Z,98598069734,"sytest (bookworm, postgres)",689,success
guru/refactor/rust-hamt-state-res,33094462052,2026-08-27T16:40:45Z,98598069740,"trial (3.13, sqlite, all)",451,cancelled
guru/refactor/rust-hamt-state-res,33094462052,2026-08-27T16:40:45Z,98598069745,"sytest (bookworm, multi-postgres, workers, asyncio)",842,success
guru/refactor/rust-hamt-state-res,33094462052,2026-08-27T16:40:45Z,98598069792,"trial (3.10, postgres, 14, all)",470,cancelled
guru/refactor/rust-hamt-state-res,33094462052,2026-08-27T16:40:45Z,98598069795,"trial (3.10, sqlite)",475,cancelled
guru/refactor/rust-hamt-state-res,33094462052,2026-08-27T16:40:45Z,98598069842,"trial (3.10, tikv, all)",469,cancelled
guru/refactor/rust-hamt-state-res,33094462052,2026-08-27T16:40:45Z,98598069853,"sytest (bookworm, multi-postgres, workers, tikv)",1861,cancelled
guru/refactor/rust-hamt-state-res,33094462052,2026-08-27T16:40:45Z,98599687264,"export-data",270,success
guru/refactor/rust-hamt-state-res,33094462052,2026-08-27T16:40:45Z,98608802086,"tests-done",4,failure
guru/refactor/rust-hamt-state-res,33097837525,2026-08-27T17:19:46Z,98608839498,"lint-crlf",6,success
guru/refactor/rust-hamt-state-res,33097837525,2026-08-27T17:19:46Z,98608839992,"check-lockfile",9,success
guru/refactor/rust-hamt-state-res,33097837525,2026-08-27T17:19:46Z,98608840190,"changes",3,success
guru/refactor/rust-hamt-state-res,33097837525,2026-08-27T17:19:46Z,98608840760,"lint-newsfile",0,skipped
guru/refactor/rust-hamt-state-res,33097837525,2026-08-27T17:19:46Z,98608864031,"lint-clippy-nightly",25,success
guru/refactor/rust-hamt-state-res,33097837525,2026-08-27T17:19:46Z,98608864067,"check-sampleconfig",78,success
guru/refactor/rust-hamt-state-res,33097837525,2026-08-27T17:19:46Z,98608864130,"lint-rustfmt",20,success
guru/refactor/rust-hamt-state-res,33097837525,2026-08-27T17:19:46Z,98608864142,"lint",156,success
guru/refactor/rust-hamt-state-res,33097837525,2026-08-27T17:19:46Z,98608864171,"lint-clippy",26,success
guru/refactor/rust-hamt-state-res,33097837525,2026-08-27T17:19:46Z,98608864180,"lint-golangci",31,success
guru/refactor/rust-hamt-state-res,33097837525,2026-08-27T17:19:46Z,98608864186,"check-schema-delta",27,success
guru/refactor/rust-hamt-state-res,33097837525,2026-08-27T17:19:46Z,98608864199,"Typechecking",89,success
guru/refactor/rust-hamt-state-res,33097837525,2026-08-27T17:19:46Z,98608864252,"lint-rust",66,success
guru/refactor/rust-hamt-state-res,33097837525,2026-08-27T17:19:46Z,98608865327,"lint-readme",-1,skipped
guru/refactor/rust-hamt-state-res,33097837525,2026-08-27T17:19:46Z,98609645509,"linting-done",3,success
guru/refactor/rust-hamt-state-res,33097837525,2026-08-27T17:19:46Z,98609674152,"calculate-test-jobs",7,success
guru/refactor/rust-hamt-state-res,33097837525,2026-08-27T17:19:46Z,98609674168,"portdb (3.13, 17)",335,success
guru/refactor/rust-hamt-state-res,33097837525,2026-08-27T17:19:46Z,98609674173,"cargo-bench",86,success
guru/refactor/rust-hamt-state-res,33097837525,2026-08-27T17:19:46Z,98609674181,"cargo-test",42,success
guru/refactor/rust-hamt-state-res,33097837525,2026-08-27T17:19:46Z,98609674206,"trial-tikv",413,failure
guru/refactor/rust-hamt-state-res,33097837525,2026-08-27T17:19:46Z,98609674207,"portdb (3.10, 14)",328,success
guru/refactor/rust-hamt-state-res,33097837525,2026-08-27T17:19:46Z,98609674249,"trial-olddeps",548,failure
guru/refactor/rust-hamt-state-res,33097837525,2026-08-27T17:19:46Z,98609674348,"complement / complement (hybrid, SQLite (hybrid, tikv))",3729,cancelled
guru/refactor/rust-hamt-state-res,33097837525,2026-08-27T17:19:46Z,98609674359,"complement / complement (hybrid, Postgres (hybrid, tikv))",3730,cancelled
guru/refactor/rust-hamt-state-res,33097837525,2026-08-27T17:19:46Z,98609674370,"complement / complement (monolith, SQLite)",993,success
guru/refactor/rust-hamt-state-res,33097837525,2026-08-27T17:19:46Z,98609674411,"complement / complement (workers, Postgres (hybrid, tikv))",3519,cancelled
guru/refactor/rust-hamt-state-res,33097837525,2026-08-27T17:19:46Z,98609674425,"complement / complement (workers, Postgres)",1702,failure
guru/refactor/rust-hamt-state-res,33097837525,2026-08-27T17:19:46Z,98609674435,"complement / complement (monolith, Postgres)",1084,failure
guru/refactor/rust-hamt-state-res,33097837525,2026-08-27T17:19:46Z,98609675985,"trial-pypy",-1,skipped
guru/refactor/rust-hamt-state-res,33097837525,2026-08-27T17:19:46Z,98609720669,"sytest (bookworm, multi-postgres, workers)",1111,success
guru/refactor/rust-hamt-state-res,33097837525,2026-08-27T17:19:46Z,98609720687,"trial (3.10, sqlite, all)",456,cancelled
guru/refactor/rust-hamt-state-res,33097837525,2026-08-27T17:19:46Z,98609720702,"sytest (bookworm, postgres)",815,success
guru/refactor/rust-hamt-state-res,33097837525,2026-08-27T17:19:46Z,98609720735,"trial (3.10, tikv, all)",455,cancelled
guru/refactor/rust-hamt-state-res,33097837525,2026-08-27T17:19:46Z,98609720755,"sytest (bookworm, multi-postgres, workers, tikv)",3092,failure
guru/refactor/rust-hamt-state-res,33097837525,2026-08-27T17:19:46Z,98609720790,"sytest (bookworm)",797,success
guru/refactor/rust-hamt-state-res,33097837525,2026-08-27T17:19:46Z,98609720797,"sytest (bookworm, multi-postgres, workers, asyncio)",1027,success
guru/refactor/rust-hamt-state-res,33097837525,2026-08-27T17:19:46Z,98609720812,"trial (3.13, postgres, 17, all)",453,cancelled
guru/refactor/rust-hamt-state-res,33097837525,2026-08-27T17:19:46Z,98609720823,"trial (3.13, sqlite, all)",433,failure
guru/refactor/rust-hamt-state-res,33097837525,2026-08-27T17:19:46Z,98609720943,"trial (3.10, sqlite)",456,cancelled
guru/refactor/rust-hamt-state-res,33097837525,2026-08-27T17:19:46Z,98609720959,"trial (3.10, postgres, 14, all)",454,cancelled
guru/refactor/rust-hamt-state-res,33097837525,2026-08-27T17:19:46Z,98611373292,"export-data",291,success
guru/refactor/rust-hamt-state-res,33097837525,2026-08-27T17:19:46Z,98628027646,"tests-done",4,failure
guru/refactor/rust-hamt-state-res,33103342972,2026-08-27T18:24:56Z,98628064349,"changes",3,success
guru/refactor/rust-hamt-state-res,33103342972,2026-08-27T18:24:56Z,98628064639,"check-lockfile",9,success
guru/refactor/rust-hamt-state-res,33103342972,2026-08-27T18:24:56Z,98628064718,"lint-crlf",6,success
guru/refactor/rust-hamt-state-res,33103342972,2026-08-27T18:24:56Z,98628065628,"lint-newsfile",-1,skipped
guru/refactor/rust-hamt-state-res,33103342972,2026-08-27T18:24:56Z,98628092001,"lint-clippy",27,success
guru/refactor/rust-hamt-state-res,33103342972,2026-08-27T18:24:56Z,98628092028,"check-schema-delta",21,success
guru/refactor/rust-hamt-state-res,33103342972,2026-08-27T18:24:56Z,98628092060,"lint-clippy-nightly",30,success
guru/refactor/rust-hamt-state-res,33103342972,2026-08-27T18:24:56Z,98628092085,"lint",168,success
guru/refactor/rust-hamt-state-res,33103342972,2026-08-27T18:24:56Z,98628092092,"lint-rustfmt",23,success
guru/refactor/rust-hamt-state-res,33103342972,2026-08-27T18:24:56Z,98628092170,"lint-golangci",29,success
guru/refactor/rust-hamt-state-res,33103342972,2026-08-27T18:24:56Z,98628092182,"check-sampleconfig",73,success
guru/refactor/rust-hamt-state-res,33103342972,2026-08-27T18:24:56Z,98628092201,"lint-rust",67,success
guru/refactor/rust-hamt-state-res,33103342972,2026-08-27T18:24:56Z,98628092206,"Typechecking",92,success
guru/refactor/rust-hamt-state-res,33103342972,2026-08-27T18:24:56Z,98628094177,"lint-readme",0,skipped
guru/refactor/rust-hamt-state-res,33103342972,2026-08-27T18:24:56Z,98628930238,"linting-done",2,success
guru/refactor/rust-hamt-state-res,33103342972,2026-08-27T18:24:56Z,98628952501,"cargo-test",43,success
guru/refactor/rust-hamt-state-res,33103342972,2026-08-27T18:24:56Z,98628952556,"trial-olddeps",456,success
guru/refactor/rust-hamt-state-res,33103342972,2026-08-27T18:24:56Z,98628952667,"portdb (3.13, 17)",321,success
guru/refactor/rust-hamt-state-res,33103342972,2026-08-27T18:24:56Z,98628952671,"calculate-test-jobs",8,success
guru/refactor/rust-hamt-state-res,33103342972,2026-08-27T18:24:56Z,98628952683,"cargo-bench",67,success
guru/refactor/rust-hamt-state-res,33103342972,2026-08-27T18:24:56Z,98628952694,"trial-tikv",409,failure
guru/refactor/rust-hamt-state-res,33103342972,2026-08-27T18:24:56Z,98628952730,"portdb (3.10, 14)",331,success
guru/refactor/rust-hamt-state-res,33103342972,2026-08-27T18:24:56Z,98628952892,"complement / complement (hybrid, Postgres (hybrid, tikv))",4245,cancelled
guru/refactor/rust-hamt-state-res,33103342972,2026-08-27T18:24:56Z,98628952904,"complement / complement (workers, Postgres)",1720,failure
guru/refactor/rust-hamt-state-res,33103342972,2026-08-27T18:24:56Z,98628952913,"complement / complement (monolith, SQLite)",993,success
guru/refactor/rust-hamt-state-res,33103342972,2026-08-27T18:24:56Z,98628952944,"complement / complement (hybrid, SQLite (hybrid, tikv))",4175,failure
guru/refactor/rust-hamt-state-res,33103342972,2026-08-27T18:24:56Z,98628952977,"complement / complement (workers, Postgres (hybrid, tikv))",3089,failure
guru/refactor/rust-hamt-state-res,33103342972,2026-08-27T18:24:56Z,98628952995,"complement / complement (monolith, Postgres)",1044,failure
guru/refactor/rust-hamt-state-res,33103342972,2026-08-27T18:24:56Z,98628953843,"trial-pypy",-1,skipped
guru/refactor/rust-hamt-state-res,33103342972,2026-08-27T18:24:56Z,98629001146,"sytest (bookworm, multi-postgres, workers, asyncio)",1175,success
guru/refactor/rust-hamt-state-res,33103342972,2026-08-27T18:24:56Z,98629001178,"trial (3.10, sqlite, all)",511,cancelled
guru/refactor/rust-hamt-state-res,33103342972,2026-08-27T18:24:56Z,98629001202,"trial (3.10, tikv, all)",501,cancelled
guru/refactor/rust-hamt-state-res,33103342972,2026-08-27T18:24:56Z,98629001206,"sytest (bookworm, postgres)",889,success
guru/refactor/rust-hamt-state-res,33103342972,2026-08-27T18:24:56Z,98629001214,"trial (3.13, postgres, 17, all)",487,failure
guru/refactor/rust-hamt-state-res,33103342972,2026-08-27T18:24:56Z,98629001226,"trial (3.13, sqlite, all)",489,cancelled
guru/refactor/rust-hamt-state-res,33103342972,2026-08-27T18:24:56Z,98629001234,"trial (3.10, sqlite)",489,cancelled
guru/refactor/rust-hamt-state-res,33103342972,2026-08-27T18:24:56Z,98629001239,"trial (3.10, postgres, 14, all)",511,cancelled
guru/refactor/rust-hamt-state-res,33103342972,2026-08-27T18:24:56Z,98629001245,"sytest (bookworm, multi-postgres, workers)",1152,success
guru/refactor/rust-hamt-state-res,33103342972,2026-08-27T18:24:56Z,98629001296,"sytest (bookworm)",772,success
guru/refactor/rust-hamt-state-res,33103342972,2026-08-27T18:24:56Z,98629001339,"sytest (bookworm, multi-postgres, workers, tikv)",3062,failure
guru/refactor/rust-hamt-state-res,33103342972,2026-08-27T18:24:56Z,98630601582,"export-data",261,success
guru/refactor/rust-hamt-state-res,33103342972,2026-08-27T18:24:56Z,98649456517,"tests-done",2,failure
guru/refactor/rust-hamt-state-res,33109809438,2026-08-27T19:43:24Z,98649477033,"check-lockfile",6,success
guru/refactor/rust-hamt-state-res,33109809438,2026-08-27T19:43:24Z,98649477199,"changes",6,success
guru/refactor/rust-hamt-state-res,33109809438,2026-08-27T19:43:24Z,98649477252,"lint-crlf",6,success
guru/refactor/rust-hamt-state-res,33109809438,2026-08-27T19:43:24Z,98649478730,"lint-newsfile",-1,skipped
guru/refactor/rust-hamt-state-res,33109809438,2026-08-27T19:43:24Z,98649512951,"lint-clippy-nightly",25,success
guru/refactor/rust-hamt-state-res,33109809438,2026-08-27T19:43:24Z,98649512967,"lint-rustfmt",20,success
guru/refactor/rust-hamt-state-res,33109809438,2026-08-27T19:43:24Z,98649512977,"lint-clippy",28,success
guru/refactor/rust-hamt-state-res,33109809438,2026-08-27T19:43:24Z,98649513009,"Typechecking",83,success
guru/refactor/rust-hamt-state-res,33109809438,2026-08-27T19:43:24Z,98649513011,"check-schema-delta",36,success
guru/refactor/rust-hamt-state-res,33109809438,2026-08-27T19:43:24Z,98649513034,"lint",156,success
guru/refactor/rust-hamt-state-res,33109809438,2026-08-27T19:43:24Z,98649513065,"lint-rust",69,success
guru/refactor/rust-hamt-state-res,33109809438,2026-08-27T19:43:24Z,98649513091,"lint-golangci",30,success
guru/refactor/rust-hamt-state-res,33109809438,2026-08-27T19:43:24Z,98649513113,"check-sampleconfig",70,success
guru/refactor/rust-hamt-state-res,33109809438,2026-08-27T19:43:24Z,98649514282,"lint-readme",0,skipped
guru/refactor/rust-hamt-state-res,33109809438,2026-08-27T19:43:24Z,98650267628,"linting-done",2,success
guru/refactor/rust-hamt-state-res,33109809438,2026-08-27T19:43:24Z,98650289508,"trial-olddeps",572,success
guru/refactor/rust-hamt-state-res,33109809438,2026-08-27T19:43:24Z,98650289509,"cargo-test",41,success
guru/refactor/rust-hamt-state-res,33109809438,2026-08-27T19:43:24Z,98650289520,"cargo-bench",73,success
guru/refactor/rust-hamt-state-res,33109809438,2026-08-27T19:43:24Z,98650289531,"calculate-test-jobs",8,success
guru/refactor/rust-hamt-state-res,33109809438,2026-08-27T19:43:24Z,98650289535,"portdb (3.13, 17)",345,success
guru/refactor/rust-hamt-state-res,33109809438,2026-08-27T19:43:24Z,98650289586,"portdb (3.10, 14)",345,success
guru/refactor/rust-hamt-state-res,33109809438,2026-08-27T19:43:24Z,98650289602,"trial-tikv",441,failure
guru/refactor/rust-hamt-state-res,33109809438,2026-08-27T19:43:24Z,98650289742,"complement / complement (hybrid, SQLite (hybrid, tikv))",3469,failure
guru/refactor/rust-hamt-state-res,33109809438,2026-08-27T19:43:24Z,98650289771,"complement / complement (hybrid, Postgres (hybrid, tikv))",3489,failure
guru/refactor/rust-hamt-state-res,33109809438,2026-08-27T19:43:24Z,98650289790,"complement / complement (workers, Postgres (hybrid, tikv))",2992,failure
guru/refactor/rust-hamt-state-res,33109809438,2026-08-27T19:43:24Z,98650289825,"complement / complement (monolith, Postgres)",1092,failure
guru/refactor/rust-hamt-state-res,33109809438,2026-08-27T19:43:24Z,98650289831,"complement / complement (workers, Postgres)",1741,failure
guru/refactor/rust-hamt-state-res,33109809438,2026-08-27T19:43:24Z,98650289878,"complement / complement (monolith, SQLite)",950,success
guru/refactor/rust-hamt-state-res,33109809438,2026-08-27T19:43:24Z,98650290928,"trial-pypy",-1,skipped
guru/refactor/rust-hamt-state-res,33109809438,2026-08-27T19:43:24Z,98650339054,"sytest (bookworm)",733,success
guru/refactor/rust-hamt-state-res,33109809438,2026-08-27T19:43:24Z,98650339072,"sytest (bookworm, multi-postgres, workers, tikv)",2661,failure
guru/refactor/rust-hamt-state-res,33109809438,2026-08-27T19:43:24Z,98650339075,"sytest (bookworm, multi-postgres, workers)",1239,success
guru/refactor/rust-hamt-state-res,33109809438,2026-08-27T19:43:24Z,98650339095,"trial (3.10, postgres, 14, all)",449,cancelled
guru/refactor/rust-hamt-state-res,33109809438,2026-08-27T19:43:24Z,98650339097,"sytest (bookworm, postgres)",938,success
guru/refactor/rust-hamt-state-res,33109809438,2026-08-27T19:43:24Z,98650339108,"trial (3.10, sqlite, all)",445,cancelled
guru/refactor/rust-hamt-state-res,33109809438,2026-08-27T19:43:24Z,98650339109,"trial (3.10, sqlite)",423,cancelled
guru/refactor/rust-hamt-state-res,33109809438,2026-08-27T19:43:24Z,98650339134,"trial (3.10, tikv, all)",444,cancelled
guru/refactor/rust-hamt-state-res,33109809438,2026-08-27T19:43:24Z,98650339137,"trial (3.13, postgres, 17, all)",423,failure
guru/refactor/rust-hamt-state-res,33109809438,2026-08-27T19:43:24Z,98650339165,"sytest (bookworm, multi-postgres, workers, asyncio)",1187,success
guru/refactor/rust-hamt-state-res,33109809438,2026-08-27T19:43:24Z,98650339188,"trial (3.13, sqlite, all)",447,cancelled
guru/refactor/rust-hamt-state-res,33109809438,2026-08-27T19:43:24Z,98651923446,"export-data",307,success
guru/refactor/rust-hamt-state-res,33109809438,2026-08-27T19:43:24Z,98666657817,"tests-done",3,failure
guru/refactor/rust-hamt-state-res,33117914936,2026-08-27T21:23:24Z,98677220403,"lint-crlf",8,success
guru/refactor/rust-hamt-state-res,33117914936,2026-08-27T21:23:24Z,98677220705,"check-lockfile",8,success
guru/refactor/rust-hamt-state-res,33117914936,2026-08-27T21:23:24Z,98677220835,"changes",5,success
guru/refactor/rust-hamt-state-res,33117914936,2026-08-27T21:23:24Z,98677221793,"lint-newsfile",-1,skipped
guru/refactor/rust-hamt-state-res,33117914936,2026-08-27T21:23:24Z,98677254681,"Typechecking",80,success
guru/refactor/rust-hamt-state-res,33117914936,2026-08-27T21:23:24Z,98677254729,"lint-clippy-nightly",27,success
guru/refactor/rust-hamt-state-res,33117914936,2026-08-27T21:23:24Z,98677254738,"lint-rust",63,success
guru/refactor/rust-hamt-state-res,33117914936,2026-08-27T21:23:24Z,98677254752,"check-schema-delta",21,success
guru/refactor/rust-hamt-state-res,33117914936,2026-08-27T21:23:24Z,98677254754,"lint-clippy",27,success
guru/refactor/rust-hamt-state-res,33117914936,2026-08-27T21:23:24Z,98677254766,"check-sampleconfig",68,success
guru/refactor/rust-hamt-state-res,33117914936,2026-08-27T21:23:24Z,98677254814,"lint-rustfmt",15,success
guru/refactor/rust-hamt-state-res,33117914936,2026-08-27T21:23:24Z,98677254831,"lint-golangci",22,success
guru/refactor/rust-hamt-state-res,33117914936,2026-08-27T21:23:24Z,98677254864,"lint",154,success
guru/refactor/rust-hamt-state-res,33117914936,2026-08-27T21:23:24Z,98677256520,"lint-readme",-1,skipped
guru/refactor/rust-hamt-state-res,33117914936,2026-08-27T21:23:24Z,98677937229,"linting-done",3,success
guru/refactor/rust-hamt-state-res,33117914936,2026-08-27T21:23:24Z,98677959797,"calculate-test-jobs",9,success
guru/refactor/rust-hamt-state-res,33117914936,2026-08-27T21:23:24Z,98677959805,"trial-tikv",283,failure
guru/refactor/rust-hamt-state-res,33117914936,2026-08-27T21:23:24Z,98677959846,"portdb (3.10, 14)",342,success
guru/refactor/rust-hamt-state-res,33117914936,2026-08-27T21:23:24Z,98677959854,"cargo-test",48,success
guru/refactor/rust-hamt-state-res,33117914936,2026-08-27T21:23:24Z,98677959887,"cargo-bench",81,success
guru/refactor/rust-hamt-state-res,33117914936,2026-08-27T21:23:24Z,98677959891,"trial-olddeps",514,success
guru/refactor/rust-hamt-state-res,33117914936,2026-08-27T21:23:24Z,98677959895,"portdb (3.13, 17)",323,success
guru/refactor/rust-hamt-state-res,33117914936,2026-08-27T21:23:24Z,98677959940,"complement / complement (monolith, SQLite)",969,success
guru/refactor/rust-hamt-state-res,33117914936,2026-08-27T21:23:24Z,98677959954,"complement / complement (hybrid, Postgres (hybrid, tikv))",1750,failure
guru/refactor/rust-hamt-state-res,33117914936,2026-08-27T21:23:24Z,98677959971,"complement / complement (workers, Postgres)",1795,success
guru/refactor/rust-hamt-state-res,33117914936,2026-08-27T21:23:24Z,98677959973,"complement / complement (hybrid, SQLite (hybrid, tikv))",1726,failure
guru/refactor/rust-hamt-state-res,33117914936,2026-08-27T21:23:24Z,98677960026,"complement / complement (workers, Postgres (hybrid, tikv))",2148,failure
guru/refactor/rust-hamt-state-res,33117914936,2026-08-27T21:23:24Z,98677960038,"complement / complement (monolith, Postgres)",1090,success
guru/refactor/rust-hamt-state-res,33117914936,2026-08-27T21:23:24Z,98677961254,"trial-pypy",-1,skipped
guru/refactor/rust-hamt-state-res,33117914936,2026-08-27T21:23:24Z,98678008093,"trial (3.10, tikv, all)",392,failure
guru/refactor/rust-hamt-state-res,33117914936,2026-08-27T21:23:24Z,98678008094,"trial (3.10, sqlite, all)",418,cancelled
guru/refactor/rust-hamt-state-res,33117914936,2026-08-27T21:23:24Z,98678008107,"sytest (bookworm, multi-postgres, workers, asyncio)",1209,success
guru/refactor/rust-hamt-state-res,33117914936,2026-08-27T21:23:24Z,98678008110,"trial (3.13, postgres, 17, all)",411,cancelled
guru/refactor/rust-hamt-state-res,33117914936,2026-08-27T21:23:24Z,98678008119,"sytest (bookworm, multi-postgres, workers)",1138,success
guru/refactor/rust-hamt-state-res,33117914936,2026-08-27T21:23:24Z,98678008144,"sytest (bookworm, multi-postgres, workers, tikv)",1552,failure
guru/refactor/rust-hamt-state-res,33117914936,2026-08-27T21:23:24Z,98678008151,"trial (3.10, sqlite)",411,cancelled
guru/refactor/rust-hamt-state-res,33117914936,2026-08-27T21:23:24Z,98678008154,"sytest (bookworm, postgres)",884,success
guru/refactor/rust-hamt-state-res,33117914936,2026-08-27T21:23:24Z,98678008168,"sytest (bookworm)",696,success
guru/refactor/rust-hamt-state-res,33117914936,2026-08-27T21:23:24Z,98678008188,"trial (3.10, postgres, 14, all)",414,cancelled
guru/refactor/rust-hamt-state-res,33117914936,2026-08-27T21:23:24Z,98678008219,"trial (3.13, sqlite, all)",411,cancelled
guru/refactor/rust-hamt-state-res,33117914936,2026-08-27T21:23:24Z,98679442782,"export-data",281,success
guru/refactor/rust-hamt-state-res,33117914936,2026-08-27T21:23:24Z,98686875727,"tests-done",2,failure
guru/refactor/rust-hamt-state-res,33122265860,2026-08-27T22:22:56Z,98691800459,"lint-crlf",7,success
guru/refactor/rust-hamt-state-res,33122265860,2026-08-27T22:22:56Z,98691800689,"check-lockfile",6,success
guru/refactor/rust-hamt-state-res,33122265860,2026-08-27T22:22:56Z,98691800727,"changes",4,success
guru/refactor/rust-hamt-state-res,33122265860,2026-08-27T22:22:56Z,98691801554,"lint-newsfile",-1,skipped
guru/refactor/rust-hamt-state-res,33122265860,2026-08-27T22:22:56Z,98691826334,"lint",159,success
guru/refactor/rust-hamt-state-res,33122265860,2026-08-27T22:22:56Z,98691826339,"check-schema-delta",24,success
guru/refactor/rust-hamt-state-res,33122265860,2026-08-27T22:22:56Z,98691826348,"check-sampleconfig",70,success
guru/refactor/rust-hamt-state-res,33122265860,2026-08-27T22:22:56Z,98691826352,"lint-clippy-nightly",23,success
guru/refactor/rust-hamt-state-res,33122265860,2026-08-27T22:22:56Z,98691826379,"lint-rust",65,success
guru/refactor/rust-hamt-state-res,33122265860,2026-08-27T22:22:56Z,98691826392,"lint-golangci",29,success
guru/refactor/rust-hamt-state-res,33122265860,2026-08-27T22:22:56Z,98691826398,"lint-rustfmt",20,success
guru/refactor/rust-hamt-state-res,33122265860,2026-08-27T22:22:56Z,98691826447,"lint-clippy",23,success
guru/refactor/rust-hamt-state-res,33122265860,2026-08-27T22:22:56Z,98691826449,"Typechecking",81,success
guru/refactor/rust-hamt-state-res,33122265860,2026-08-27T22:22:56Z,98691827686,"lint-readme",-1,skipped
guru/refactor/rust-hamt-state-res,33122265860,2026-08-27T22:22:56Z,98692460598,"linting-done",3,success
guru/refactor/rust-hamt-state-res,33122265860,2026-08-27T22:22:56Z,98692476569,"calculate-test-jobs",8,success
guru/refactor/rust-hamt-state-res,33122265860,2026-08-27T22:22:56Z,98692476608,"cargo-bench",65,success
guru/refactor/rust-hamt-state-res,33122265860,2026-08-27T22:22:56Z,98692476624,"portdb (3.10, 14)",362,success
guru/refactor/rust-hamt-state-res,33122265860,2026-08-27T22:22:56Z,98692476626,"trial-tikv",363,failure
guru/refactor/rust-hamt-state-res,33122265860,2026-08-27T22:22:56Z,98692476634,"portdb (3.13, 17)",342,success
guru/refactor/rust-hamt-state-res,33122265860,2026-08-27T22:22:56Z,98692476638,"cargo-test",42,success
guru/refactor/rust-hamt-state-res,33122265860,2026-08-27T22:22:56Z,98692476656,"trial-olddeps",522,success
guru/refactor/rust-hamt-state-res,33122265860,2026-08-27T22:22:56Z,98692476814,"complement / complement (monolith, Postgres)",1028,success
guru/refactor/rust-hamt-state-res,33122265860,2026-08-27T22:22:56Z,98692476819,"complement / complement (workers, Postgres)",1844,success
guru/refactor/rust-hamt-state-res,33122265860,2026-08-27T22:22:56Z,98692476835,"complement / complement (hybrid, SQLite (hybrid, tikv))",1689,failure
guru/refactor/rust-hamt-state-res,33122265860,2026-08-27T22:22:56Z,98692476846,"complement / complement (workers, Postgres (hybrid, tikv))",2141,failure
guru/refactor/rust-hamt-state-res,33122265860,2026-08-27T22:22:56Z,98692476848,"complement / complement (hybrid, Postgres (hybrid, tikv))",1731,failure
guru/refactor/rust-hamt-state-res,33122265860,2026-08-27T22:22:56Z,98692476849,"complement / complement (monolith, SQLite)",1004,success
guru/refactor/rust-hamt-state-res,33122265860,2026-08-27T22:22:56Z,98692478156,"trial-pypy",0,skipped
guru/refactor/rust-hamt-state-res,33122265860,2026-08-27T22:22:56Z,98692519293,"trial (3.10, postgres, 14, all)",379,cancelled
guru/refactor/rust-hamt-state-res,33122265860,2026-08-27T22:22:56Z,98692519297,"sytest (bookworm, multi-postgres, workers, asyncio)",1202,success
guru/refactor/rust-hamt-state-res,33122265860,2026-08-27T22:22:56Z,98692519326,"trial (3.13, sqlite, all)",385,cancelled
guru/refactor/rust-hamt-state-res,33122265860,2026-08-27T22:22:56Z,98692519334,"sytest (bookworm)",740,success
guru/refactor/rust-hamt-state-res,33122265860,2026-08-27T22:22:56Z,98692519351,"trial (3.10, tikv, all)",382,cancelled
guru/refactor/rust-hamt-state-res,33122265860,2026-08-27T22:22:56Z,98692519357,"trial (3.10, sqlite, all)",388,cancelled
guru/refactor/rust-hamt-state-res,33122265860,2026-08-27T22:22:56Z,98692519361,"sytest (bookworm, multi-postgres, workers)",911,success
guru/refactor/rust-hamt-state-res,33122265860,2026-08-27T22:22:56Z,98692519363,"trial (3.10, sqlite)",383,cancelled
guru/refactor/rust-hamt-state-res,33122265860,2026-08-27T22:22:56Z,98692519364,"trial (3.13, postgres, 17, all)",362,failure
guru/refactor/rust-hamt-state-res,33122265860,2026-08-27T22:22:56Z,98692519410,"sytest (bookworm, postgres)",869,success
guru/refactor/rust-hamt-state-res,33122265860,2026-08-27T22:22:56Z,98692519429,"sytest (bookworm, multi-postgres, workers, tikv)",1542,failure
guru/refactor/rust-hamt-state-res,33122265860,2026-08-27T22:22:56Z,98693865765,"export-data",294,success
guru/refactor/rust-hamt-state-res,33122265860,2026-08-27T22:22:56Z,98700077361,"tests-done",3,failure
guru/refactor/rust-hamt-state-res,33125416704,2026-08-27T23:12:11Z,98702278065,"changes",3,success
guru/refactor/rust-hamt-state-res,33125416704,2026-08-27T23:12:11Z,98702278187,"lint-crlf",5,success
guru/refactor/rust-hamt-state-res,33125416704,2026-08-27T23:12:11Z,98702278322,"check-lockfile",8,success
guru/refactor/rust-hamt-state-res,33125416704,2026-08-27T23:12:11Z,98702278981,"lint-newsfile",0,skipped
guru/refactor/rust-hamt-state-res,33125416704,2026-08-27T23:12:11Z,98702294495,"Typechecking",90,success
guru/refactor/rust-hamt-state-res,33125416704,2026-08-27T23:12:11Z,98702294524,"lint-clippy-nightly",26,success
guru/refactor/rust-hamt-state-res,33125416704,2026-08-27T23:12:11Z,98702294534,"check-sampleconfig",76,success
guru/refactor/rust-hamt-state-res,33125416704,2026-08-27T23:12:11Z,98702294547,"lint",160,success
guru/refactor/rust-hamt-state-res,33125416704,2026-08-27T23:12:11Z,98702294556,"check-schema-delta",20,success
guru/refactor/rust-hamt-state-res,33125416704,2026-08-27T23:12:11Z,98702294564,"lint-rustfmt",17,success
guru/refactor/rust-hamt-state-res,33125416704,2026-08-27T23:12:11Z,98702294599,"lint-rust",67,success
guru/refactor/rust-hamt-state-res,33125416704,2026-08-27T23:12:11Z,98702294614,"lint-clippy",22,success
guru/refactor/rust-hamt-state-res,33125416704,2026-08-27T23:12:11Z,98702294646,"lint-golangci",27,success
guru/refactor/rust-hamt-state-res,33125416704,2026-08-27T23:12:11Z,98702295884,"lint-readme",-1,skipped
guru/refactor/rust-hamt-state-res,33125416704,2026-08-27T23:12:11Z,98702839823,"linting-done",5,success
guru/refactor/rust-hamt-state-res,33125416704,2026-08-27T23:12:11Z,98702867983,"trial-olddeps",548,success
guru/refactor/rust-hamt-state-res,33125416704,2026-08-27T23:12:11Z,98702867993,"trial-tikv",386,failure
guru/refactor/rust-hamt-state-res,33125416704,2026-08-27T23:12:11Z,98702868017,"calculate-test-jobs",8,success
guru/refactor/rust-hamt-state-res,33125416704,2026-08-27T23:12:11Z,98702868029,"cargo-bench",66,success
guru/refactor/rust-hamt-state-res,33125416704,2026-08-27T23:12:11Z,98702868037,"portdb (3.10, 14)",313,success
guru/refactor/rust-hamt-state-res,33125416704,2026-08-27T23:12:11Z,98702868049,"portdb (3.13, 17)",324,success
guru/refactor/rust-hamt-state-res,33125416704,2026-08-27T23:12:11Z,98702868064,"cargo-test",41,success
guru/refactor/rust-hamt-state-res,33125416704,2026-08-27T23:12:11Z,98702868110,"complement / complement (hybrid, SQLite (hybrid, tikv))",1710,cancelled
guru/refactor/rust-hamt-state-res,33125416704,2026-08-27T23:12:11Z,98702868153,"complement / complement (workers, Postgres (hybrid, tikv))",1962,cancelled
guru/refactor/rust-hamt-state-res,33125416704,2026-08-27T23:12:11Z,98702868180,"complement / complement (workers, Postgres)",1698,cancelled
guru/refactor/rust-hamt-state-res,33125416704,2026-08-27T23:12:11Z,98702868206,"complement / complement (monolith, Postgres)",1088,success
guru/refactor/rust-hamt-state-res,33125416704,2026-08-27T23:12:11Z,98702868224,"complement / complement (monolith, SQLite)",968,success
guru/refactor/rust-hamt-state-res,33125416704,2026-08-27T23:12:11Z,98702868254,"complement / complement (hybrid, Postgres (hybrid, tikv))",1756,cancelled
guru/refactor/rust-hamt-state-res,33125416704,2026-08-27T23:12:11Z,98702869461,"trial-pypy",0,skipped
guru/refactor/rust-hamt-state-res,33125416704,2026-08-27T23:12:11Z,98702902820,"trial (3.10, postgres, 14, all)",460,cancelled
guru/refactor/rust-hamt-state-res,33125416704,2026-08-27T23:12:11Z,98702902836,"trial (3.10, sqlite)",453,cancelled
guru/refactor/rust-hamt-state-res,33125416704,2026-08-27T23:12:11Z,98702902882,"sytest (bookworm)",748,success
guru/refactor/rust-hamt-state-res,33125416704,2026-08-27T23:12:11Z,98702902885,"sytest (bookworm, postgres)",903,success
guru/refactor/rust-hamt-state-res,33125416704,2026-08-27T23:12:11Z,98702902887,"sytest (bookworm, multi-postgres, workers, tikv)",1546,failure
guru/refactor/rust-hamt-state-res,33125416704,2026-08-27T23:12:11Z,98702902894,"trial (3.10, sqlite, all)",456,cancelled
guru/refactor/rust-hamt-state-res,33125416704,2026-08-27T23:12:11Z,98702902896,"sytest (bookworm, multi-postgres, workers)",1070,success
guru/refactor/rust-hamt-state-res,33125416704,2026-08-27T23:12:11Z,98702902905,"sytest (bookworm, multi-postgres, workers, asyncio)",1189,success
guru/refactor/rust-hamt-state-res,33125416704,2026-08-27T23:12:11Z,98702902913,"trial (3.13, postgres, 17, all)",453,cancelled
guru/refactor/rust-hamt-state-res,33125416704,2026-08-27T23:12:11Z,98702902941,"trial (3.13, sqlite, all)",421,success
guru/refactor/rust-hamt-state-res,33125416704,2026-08-27T23:12:11Z,98702902958,"trial (3.10, tikv, all)",434,failure
guru/refactor/rust-hamt-state-res,33125416704,2026-08-27T23:12:11Z,98703961063,"export-data",272,success
guru/refactor/rust-hamt-state-res,33125416704,2026-08-27T23:12:11Z,98709137342,"tests-done",3,failure
guru/refactor/rust-hamt-state-res,33127240824,2026-08-27T23:42:50Z,98709153146,"changes",5,success
guru/refactor/rust-hamt-state-res,33127240824,2026-08-27T23:42:50Z,98709153388,"check-lockfile",9,success
guru/refactor/rust-hamt-state-res,33127240824,2026-08-27T23:42:50Z,98709153393,"lint-crlf",5,success
guru/refactor/rust-hamt-state-res,33127240824,2026-08-27T23:42:50Z,98709154024,"lint-newsfile",-1,skipped
guru/refactor/rust-hamt-state-res,33127240824,2026-08-27T23:42:50Z,98709176640,"lint",155,success
guru/refactor/rust-hamt-state-res,33127240824,2026-08-27T23:42:50Z,98709176642,"lint-clippy-nightly",23,success
guru/refactor/rust-hamt-state-res,33127240824,2026-08-27T23:42:50Z,98709176683,"check-schema-delta",24,success
guru/refactor/rust-hamt-state-res,33127240824,2026-08-27T23:42:50Z,98709176688,"lint-clippy",25,success
guru/refactor/rust-hamt-state-res,33127240824,2026-08-27T23:42:50Z,98709176761,"lint-rustfmt",28,success
guru/refactor/rust-hamt-state-res,33127240824,2026-08-27T23:42:50Z,98709176762,"Typechecking",83,success
guru/refactor/rust-hamt-state-res,33127240824,2026-08-27T23:42:50Z,98709176782,"lint-golangci",23,success
guru/refactor/rust-hamt-state-res,33127240824,2026-08-27T23:42:50Z,98709176788,"lint-rust",72,success
guru/refactor/rust-hamt-state-res,33127240824,2026-08-27T23:42:50Z,98709176815,"check-sampleconfig",64,success
guru/refactor/rust-hamt-state-res,33127240824,2026-08-27T23:42:50Z,98709177978,"lint-readme",0,skipped
guru/refactor/rust-hamt-state-res,33127240824,2026-08-27T23:42:50Z,98709664380,"linting-done",3,success
guru/refactor/rust-hamt-state-res,33127240824,2026-08-27T23:42:50Z,98709677740,"trial-olddeps",449,success
guru/refactor/rust-hamt-state-res,33127240824,2026-08-27T23:42:50Z,98709677753,"cargo-bench",85,success
guru/refactor/rust-hamt-state-res,33127240824,2026-08-27T23:42:50Z,98709677754,"portdb (3.10, 14)",334,success
guru/refactor/rust-hamt-state-res,33127240824,2026-08-27T23:42:50Z,98709677767,"portdb (3.13, 17)",336,success
guru/refactor/rust-hamt-state-res,33127240824,2026-08-27T23:42:50Z,98709677782,"cargo-test",41,success
guru/refactor/rust-hamt-state-res,33127240824,2026-08-27T23:42:50Z,98709677817,"calculate-test-jobs",7,success
guru/refactor/rust-hamt-state-res,33127240824,2026-08-27T23:42:50Z,98709677895,"complement / complement (monolith, Postgres)",1108,success
guru/refactor/rust-hamt-state-res,33127240824,2026-08-27T23:42:50Z,98709677905,"complement / complement (hybrid, Postgres (hybrid, tikv))",1738,failure
guru/refactor/rust-hamt-state-res,33127240824,2026-08-27T23:42:50Z,98709677909,"complement / complement (workers, Postgres (hybrid, tikv))",2109,failure
guru/refactor/rust-hamt-state-res,33127240824,2026-08-27T23:42:50Z,98709677915,"complement / complement (monolith, SQLite)",1000,success
guru/refactor/rust-hamt-state-res,33127240824,2026-08-27T23:42:50Z,98709677928,"complement / complement (workers, Postgres)",1847,success
guru/refactor/rust-hamt-state-res,33127240824,2026-08-27T23:42:50Z,98709678072,"trial-tikv",478,failure
guru/refactor/rust-hamt-state-res,33127240824,2026-08-27T23:42:50Z,98709678122,"complement / complement (hybrid, SQLite (hybrid, tikv))",1734,failure
guru/refactor/rust-hamt-state-res,33127240824,2026-08-27T23:42:50Z,98709678818,"trial-pypy",0,skipped
guru/refactor/rust-hamt-state-res,33127240824,2026-08-27T23:42:50Z,98709707139,"sytest (bookworm, postgres)",881,success
guru/refactor/rust-hamt-state-res,33127240824,2026-08-27T23:42:50Z,98709707145,"sytest (bookworm, multi-postgres, workers, asyncio)",6285,failure
guru/refactor/rust-hamt-state-res,33127240824,2026-08-27T23:42:50Z,98709707164,"sytest (bookworm, multi-postgres, workers)",1947,failure
guru/refactor/rust-hamt-state-res,33127240824,2026-08-27T23:42:50Z,98709707167,"trial (3.10, sqlite)",475,cancelled
guru/refactor/rust-hamt-state-res,33127240824,2026-08-27T23:42:50Z,98709707196,"trial (3.10, postgres, 14, all)",473,cancelled
guru/refactor/rust-hamt-state-res,33127240824,2026-08-27T23:42:50Z,98709707200,"trial (3.10, tikv, all)",474,cancelled
guru/refactor/rust-hamt-state-res,33127240824,2026-08-27T23:42:50Z,98709707206,"trial (3.13, sqlite, all)",360,success
guru/refactor/rust-hamt-state-res,33127240824,2026-08-27T23:42:50Z,98709707212,"trial (3.13, postgres, 17, all)",454,failure
guru/refactor/rust-hamt-state-res,33127240824,2026-08-27T23:42:50Z,98709707214,"sytest (bookworm)",597,success
guru/refactor/rust-hamt-state-res,33127240824,2026-08-27T23:42:50Z,98709707221,"sytest (bookworm, multi-postgres, workers, tikv)",1492,failure
guru/refactor/rust-hamt-state-res,33127240824,2026-08-27T23:42:50Z,98709707261,"trial (3.10, sqlite, all)",477,cancelled
guru/refactor/rust-hamt-state-res,33127240824,2026-08-27T23:42:50Z,98710717539,"export-data",267,success
guru/refactor/rust-hamt-state-res,33127240824,2026-08-27T23:42:50Z,98727638875,"tests-done",2,failure
guru/refactor/rust-hamt-state-res,33134493953,2026-08-28T01:58:42Z,98731311068,"check-lockfile",7,success
guru/refactor/rust-hamt-state-res,33134493953,2026-08-28T01:58:42Z,98731311237,"lint-crlf",5,success
guru/refactor/rust-hamt-state-res,33134493953,2026-08-28T01:58:42Z,98731311299,"changes",3,success
guru/refactor/rust-hamt-state-res,33134493953,2026-08-28T01:58:42Z,98731311698,"lint-newsfile",0,skipped
guru/refactor/rust-hamt-state-res,33134493953,2026-08-28T01:58:42Z,98731323612,"Typechecking",89,success
guru/refactor/rust-hamt-state-res,33134493953,2026-08-28T01:58:42Z,98731323623,"lint-clippy-nightly",35,success
guru/refactor/rust-hamt-state-res,33134493953,2026-08-28T01:58:42Z,98731323629,"check-sampleconfig",67,success
guru/refactor/rust-hamt-state-res,33134493953,2026-08-28T01:58:42Z,98731323639,"check-schema-delta",17,failure
guru/refactor/rust-hamt-state-res,33134493953,2026-08-28T01:58:42Z,98731323705,"lint",160,success
guru/refactor/rust-hamt-state-res,33134493953,2026-08-28T01:58:42Z,98731323716,"lint-clippy",27,success
guru/refactor/rust-hamt-state-res,33134493953,2026-08-28T01:58:42Z,98731323720,"lint-rustfmt",19,success
guru/refactor/rust-hamt-state-res,33134493953,2026-08-28T01:58:42Z,98731323764,"lint-golangci",23,success
guru/refactor/rust-hamt-state-res,33134493953,2026-08-28T01:58:42Z,98731323776,"lint-rust",87,success
guru/refactor/rust-hamt-state-res,33134493953,2026-08-28T01:58:42Z,98731324355,"lint-readme",-1,skipped
guru/refactor/rust-hamt-state-res,33134493953,2026-08-28T01:58:42Z,98731771899,"linting-done",2,failure
guru/refactor/rust-hamt-state-res,33134493953,2026-08-28T01:58:42Z,98731785467,"tests-done",2,failure
guru/refactor/rust-hamt-state-res,33134493953,2026-08-28T01:58:42Z,98731785503,"trial-olddeps",-1,skipped
guru/refactor/rust-hamt-state-res,33134493953,2026-08-28T01:58:42Z,98731785547,"portdb",-1,skipped
guru/refactor/rust-hamt-state-res,33134493953,2026-08-28T01:58:42Z,98731785553,"calculate-test-jobs",-1,skipped
guru/refactor/rust-hamt-state-res,33134493953,2026-08-28T01:58:42Z,98731785602,"cargo-bench",-1,skipped
guru/refactor/rust-hamt-state-res,33134493953,2026-08-28T01:58:42Z,98731785687,"cargo-test",-1,skipped
guru/refactor/rust-hamt-state-res,33134493953,2026-08-28T01:58:42Z,98731785790,"complement",-1,skipped
guru/refactor/rust-hamt-state-res,33134493953,2026-08-28T01:58:42Z,98731785961,"sytest",0,skipped
guru/refactor/rust-hamt-state-res,33134493953,2026-08-28T01:58:42Z,98731785979,"trial",0,skipped
guru/refactor/rust-hamt-state-res,33134493953,2026-08-28T01:58:42Z,98731786011,"trial-tikv",-1,skipped
guru/refactor/rust-hamt-state-res,33134493953,2026-08-28T01:58:42Z,98731786042,"trial-pypy",-1,skipped
guru/refactor/rust-hamt-state-res,33134493953,2026-08-28T01:58:42Z,98731786334,"export-data",0,skipped
guru/refactor/rust-hamt-state-res,33135515191,2026-08-28T02:18:23Z,98734447373,"lint-crlf",6,success
guru/refactor/rust-hamt-state-res,33135515191,2026-08-28T02:18:23Z,98734447461,"check-lockfile",7,success
guru/refactor/rust-hamt-state-res,33135515191,2026-08-28T02:18:23Z,98734447551,"changes",4,success
guru/refactor/rust-hamt-state-res,33135515191,2026-08-28T02:18:23Z,98734448299,"lint-newsfile",-1,skipped
guru/refactor/rust-hamt-state-res,33135515191,2026-08-28T02:18:23Z,98734462930,"check-schema-delta",20,success
guru/refactor/rust-hamt-state-res,33135515191,2026-08-28T02:18:23Z,98734462945,"lint-clippy-nightly",28,success
guru/refactor/rust-hamt-state-res,33135515191,2026-08-28T02:18:23Z,98734462948,"lint-golangci",28,success
guru/refactor/rust-hamt-state-res,33135515191,2026-08-28T02:18:23Z,98734462965,"Typechecking",83,success
guru/refactor/rust-hamt-state-res,33135515191,2026-08-28T02:18:23Z,98734462969,"lint-clippy",32,success
guru/refactor/rust-hamt-state-res,33135515191,2026-08-28T02:18:23Z,98734462981,"lint",162,success
guru/refactor/rust-hamt-state-res,33135515191,2026-08-28T02:18:23Z,98734462991,"lint-rust",67,success
guru/refactor/rust-hamt-state-res,33135515191,2026-08-28T02:18:23Z,98734462998,"check-sampleconfig",67,success
guru/refactor/rust-hamt-state-res,33135515191,2026-08-28T02:18:23Z,98734463088,"lint-rustfmt",22,success
guru/refactor/rust-hamt-state-res,33135515191,2026-08-28T02:18:23Z,98734463885,"lint-readme",-1,skipped
guru/refactor/rust-hamt-state-res,33135515191,2026-08-28T02:18:23Z,98734895750,"linting-done",4,success
guru/refactor/rust-hamt-state-res,33135515191,2026-08-28T02:18:23Z,98734913823,"cargo-bench",79,success
guru/refactor/rust-hamt-state-res,33135515191,2026-08-28T02:18:23Z,98734913860,"trial-olddeps",511,success
guru/refactor/rust-hamt-state-res,33135515191,2026-08-28T02:18:23Z,98734913863,"portdb (3.10, 14)",339,success
guru/refactor/rust-hamt-state-res,33135515191,2026-08-28T02:18:23Z,98734913881,"trial-tikv",580,failure
guru/refactor/rust-hamt-state-res,33135515191,2026-08-28T02:18:23Z,98734913886,"cargo-test",42,success
guru/refactor/rust-hamt-state-res,33135515191,2026-08-28T02:18:23Z,98734913908,"portdb (3.13, 17)",318,success
guru/refactor/rust-hamt-state-res,33135515191,2026-08-28T02:18:23Z,98734913919,"calculate-test-jobs",7,success
guru/refactor/rust-hamt-state-res,33135515191,2026-08-28T02:18:23Z,98734913945,"complement / complement (monolith, SQLite)",965,success
guru/refactor/rust-hamt-state-res,33135515191,2026-08-28T02:18:23Z,98734913974,"complement / complement (workers, Postgres)",1709,failure
guru/refactor/rust-hamt-state-res,33135515191,2026-08-28T02:18:23Z,98734913975,"complement / complement (workers, Postgres (hybrid, tikv))",1633,failure
guru/refactor/rust-hamt-state-res,33135515191,2026-08-28T02:18:23Z,98734913977,"complement / complement (monolith, Postgres)",1103,success
guru/refactor/rust-hamt-state-res,33135515191,2026-08-28T02:18:23Z,98734913981,"complement / complement (hybrid, Postgres (hybrid, tikv))",1061,success
guru/refactor/rust-hamt-state-res,33135515191,2026-08-28T02:18:23Z,98734913984,"complement / complement (hybrid, SQLite (hybrid, tikv))",925,success
guru/refactor/rust-hamt-state-res,33135515191,2026-08-28T02:18:23Z,98734914561,"trial-pypy",0,skipped
guru/refactor/rust-hamt-state-res,33135515191,2026-08-28T02:18:23Z,98734939586,"sytest (bookworm, multi-postgres, workers, asyncio)",1181,success
guru/refactor/rust-hamt-state-res,33135515191,2026-08-28T02:18:23Z,98734939599,"trial (3.10, sqlite, all)",75,success
guru/refactor/rust-hamt-state-res,33135515191,2026-08-28T02:18:23Z,98734939603,"trial (3.10, tikv, all)",101,success
guru/refactor/rust-hamt-state-res,33135515191,2026-08-28T02:18:23Z,98734939610,"trial (3.10, sqlite)",75,success
guru/refactor/rust-hamt-state-res,33135515191,2026-08-28T02:18:23Z,98734939627,"sytest (bookworm)",706,success
guru/refactor/rust-hamt-state-res,33135515191,2026-08-28T02:18:23Z,98734939637,"trial (3.13, sqlite, all)",84,success
guru/refactor/rust-hamt-state-res,33135515191,2026-08-28T02:18:23Z,98734939642,"sytest (bookworm, multi-postgres, workers, tikv)",1290,success
guru/refactor/rust-hamt-state-res,33135515191,2026-08-28T02:18:23Z,98734939648,"trial (3.13, postgres, 17, all)",84,success
guru/refactor/rust-hamt-state-res,33135515191,2026-08-28T02:18:23Z,98734939660,"sytest (bookworm, multi-postgres, workers)",1135,success
guru/refactor/rust-hamt-state-res,33135515191,2026-08-28T02:18:23Z,98734939694,"sytest (bookworm, postgres)",815,success
guru/refactor/rust-hamt-state-res,33135515191,2026-08-28T02:18:23Z,98734939960,"trial (3.10, postgres, 14, all)",90,success
guru/refactor/rust-hamt-state-res,33135515191,2026-08-28T02:18:23Z,98735824805,"export-data",255,success
guru/refactor/rust-hamt-state-res,33135515191,2026-08-28T02:18:23Z,98739351574,"tests-done",2,failure
guru/refactor/rust-hamt-state-res,33140786831,2026-08-28T04:05:24Z,98750956475,"lint-crlf",5,success
guru/refactor/rust-hamt-state-res,33140786831,2026-08-28T04:05:24Z,98750956586,"check-lockfile",5,success
guru/refactor/rust-hamt-state-res,33140786831,2026-08-28T04:05:24Z,98750956617,"changes",5,success
guru/refactor/rust-hamt-state-res,33140786831,2026-08-28T04:05:24Z,98750957399,"lint-newsfile",0,skipped
guru/refactor/rust-hamt-state-res,33140786831,2026-08-28T04:05:24Z,98750976991,"lint-rust",59,success
guru/refactor/rust-hamt-state-res,33140786831,2026-08-28T04:05:24Z,98750977007,"check-sampleconfig",61,success
guru/refactor/rust-hamt-state-res,33140786831,2026-08-28T04:05:24Z,98750977034,"lint-rustfmt",16,success
guru/refactor/rust-hamt-state-res,33140786831,2026-08-28T04:05:24Z,98750977065,"lint-clippy",29,success
guru/refactor/rust-hamt-state-res,33140786831,2026-08-28T04:05:24Z,98750977067,"Typechecking",81,success
guru/refactor/rust-hamt-state-res,33140786831,2026-08-28T04:05:24Z,98750977068,"lint",134,success
guru/refactor/rust-hamt-state-res,33140786831,2026-08-28T04:05:24Z,98750977117,"lint-clippy-nightly",28,success
guru/refactor/rust-hamt-state-res,33140786831,2026-08-28T04:05:24Z,98750977125,"lint-golangci",28,success
guru/refactor/rust-hamt-state-res,33140786831,2026-08-28T04:05:24Z,98750977127,"check-schema-delta",21,success
guru/refactor/rust-hamt-state-res,33140786831,2026-08-28T04:05:24Z,98750977964,"lint-readme",0,skipped
guru/refactor/rust-hamt-state-res,33140786831,2026-08-28T04:05:24Z,98751332579,"linting-done",2,success
guru/refactor/rust-hamt-state-res,33140786831,2026-08-28T04:05:24Z,98751344600,"trial-tikv",472,success
guru/refactor/rust-hamt-state-res,33140786831,2026-08-28T04:05:24Z,98751344610,"portdb (3.13, 17)",328,success
guru/refactor/rust-hamt-state-res,33140786831,2026-08-28T04:05:24Z,98751344620,"cargo-test",48,success
guru/refactor/rust-hamt-state-res,33140786831,2026-08-28T04:05:24Z,98751344641,"trial-olddeps",565,success
guru/refactor/rust-hamt-state-res,33140786831,2026-08-28T04:05:24Z,98751344642,"portdb (3.10, 14)",337,success
guru/refactor/rust-hamt-state-res,33140786831,2026-08-28T04:05:24Z,98751344662,"cargo-bench",82,success
guru/refactor/rust-hamt-state-res,33140786831,2026-08-28T04:05:24Z,98751344703,"complement / complement (workers, Postgres)",1789,success
guru/refactor/rust-hamt-state-res,33140786831,2026-08-28T04:05:24Z,98751344720,"complement / complement (hybrid, Postgres (hybrid, tikv))",1075,success
guru/refactor/rust-hamt-state-res,33140786831,2026-08-28T04:05:24Z,98751344721,"complement / complement (hybrid, SQLite (hybrid, tikv))",1005,success
guru/refactor/rust-hamt-state-res,33140786831,2026-08-28T04:05:24Z,98751344730,"complement / complement (monolith, SQLite)",981,success
guru/refactor/rust-hamt-state-res,33140786831,2026-08-28T04:05:24Z,98751344741,"calculate-test-jobs",5,success
guru/refactor/rust-hamt-state-res,33140786831,2026-08-28T04:05:24Z,98751344758,"complement / complement (workers, Postgres (hybrid, tikv))",1820,success
guru/refactor/rust-hamt-state-res,33140786831,2026-08-28T04:05:24Z,98751344765,"complement / complement (monolith, Postgres)",1031,success
guru/refactor/rust-hamt-state-res,33140786831,2026-08-28T04:05:24Z,98751345486,"trial-pypy",0,skipped
guru/refactor/rust-hamt-state-res,33140786831,2026-08-28T04:05:24Z,98751361869,"trial (3.10, postgres, 14, all)",97,success
guru/refactor/rust-hamt-state-res,33140786831,2026-08-28T04:05:24Z,98751361878,"sytest (bookworm, multi-postgres, workers, asyncio)",998,success
guru/refactor/rust-hamt-state-res,33140786831,2026-08-28T04:05:24Z,98751361888,"trial (3.10, sqlite)",76,success
guru/refactor/rust-hamt-state-res,33140786831,2026-08-28T04:05:24Z,98751361896,"sytest (bookworm, postgres)",892,success
guru/refactor/rust-hamt-state-res,33140786831,2026-08-28T04:05:24Z,98751361907,"sytest (bookworm, multi-postgres, workers)",1121,success
guru/refactor/rust-hamt-state-res,33140786831,2026-08-28T04:05:24Z,98751361913,"trial (3.13, sqlite, all)",78,success
guru/refactor/rust-hamt-state-res,33140786831,2026-08-28T04:05:24Z,98751361917,"trial (3.10, sqlite, all)",77,success
guru/refactor/rust-hamt-state-res,33140786831,2026-08-28T04:05:24Z,98751361924,"sytest (bookworm, multi-postgres, workers, tikv)",1157,success
guru/refactor/rust-hamt-state-res,33140786831,2026-08-28T04:05:24Z,98751361931,"trial (3.13, postgres, 17, all)",103,success
guru/refactor/rust-hamt-state-res,33140786831,2026-08-28T04:05:24Z,98751362025,"trial (3.10, tikv, all)",110,success
guru/refactor/rust-hamt-state-res,33140786831,2026-08-28T04:05:24Z,98751362032,"sytest (bookworm)",663,success
guru/refactor/rust-hamt-state-res,33140786831,2026-08-28T04:05:24Z,98752213873,"export-data",273,success
guru/refactor/rust-hamt-state-res,33140786831,2026-08-28T04:05:24Z,98755846804,"tests-done",2,success
guru/refactor/rust-hamt-state-res,33149964983,2026-08-28T07:01:47Z,98779430658,"lint-crlf",7,success
guru/refactor/rust-hamt-state-res,33149964983,2026-08-28T07:01:47Z,98779430792,"changes",4,success
guru/refactor/rust-hamt-state-res,33149964983,2026-08-28T07:01:47Z,98779430827,"check-lockfile",8,success
guru/refactor/rust-hamt-state-res,33149964983,2026-08-28T07:01:47Z,98779431434,"lint-newsfile",-1,skipped
guru/refactor/rust-hamt-state-res,33149964983,2026-08-28T07:01:47Z,98779450086,"lint-clippy-nightly",32,success
guru/refactor/rust-hamt-state-res,33149964983,2026-08-28T07:01:47Z,98779450096,"lint-rust",71,success
guru/refactor/rust-hamt-state-res,33149964983,2026-08-28T07:01:47Z,98779450098,"check-schema-delta",18,success
guru/refactor/rust-hamt-state-res,33149964983,2026-08-28T07:01:47Z,98779450115,"lint-clippy",28,success
guru/refactor/rust-hamt-state-res,33149964983,2026-08-28T07:01:47Z,98779450140,"lint-rustfmt",22,success
guru/refactor/rust-hamt-state-res,33149964983,2026-08-28T07:01:47Z,98779450146,"Typechecking",97,success
guru/refactor/rust-hamt-state-res,33149964983,2026-08-28T07:01:47Z,98779450174,"lint",159,success
guru/refactor/rust-hamt-state-res,33149964983,2026-08-28T07:01:47Z,98779450191,"lint-golangci",29,success
guru/refactor/rust-hamt-state-res,33149964983,2026-08-28T07:01:47Z,98779450642,"check-sampleconfig",77,success
guru/refactor/rust-hamt-state-res,33149964983,2026-08-28T07:01:47Z,98779451237,"lint-readme",0,skipped
guru/refactor/rust-hamt-state-res,33149964983,2026-08-28T07:01:47Z,98779959792,"linting-done",3,success
guru/refactor/rust-hamt-state-res,33149964983,2026-08-28T07:01:47Z,98779974319,"trial-olddeps",476,success
guru/refactor/rust-hamt-state-res,33149964983,2026-08-28T07:01:47Z,98779974339,"calculate-test-jobs",7,success
guru/refactor/rust-hamt-state-res,33149964983,2026-08-28T07:01:47Z,98779974360,"cargo-bench",77,success
guru/refactor/rust-hamt-state-res,33149964983,2026-08-28T07:01:47Z,98779974373,"portdb (3.13, 17)",326,success
guru/refactor/rust-hamt-state-res,33149964983,2026-08-28T07:01:47Z,98779974382,"portdb (3.10, 14)",312,success
guru/refactor/rust-hamt-state-res,33149964983,2026-08-28T07:01:47Z,98779974383,"trial-tikv",609,success
guru/refactor/rust-hamt-state-res,33149964983,2026-08-28T07:01:47Z,98779974413,"cargo-test",184,success
guru/refactor/rust-hamt-state-res,33149964983,2026-08-28T07:01:47Z,98779974527,"complement / complement (monolith, Postgres)",959,success
guru/refactor/rust-hamt-state-res,33149964983,2026-08-28T07:01:47Z,98779974559,"complement / complement (hybrid, SQLite (hybrid, tikv))",931,success
guru/refactor/rust-hamt-state-res,33149964983,2026-08-28T07:01:47Z,98779974577,"complement / complement (hybrid, Postgres (hybrid, tikv))",1213,success
guru/refactor/rust-hamt-state-res,33149964983,2026-08-28T07:01:47Z,98779974588,"complement / complement (monolith, SQLite)",1021,success
guru/refactor/rust-hamt-state-res,33149964983,2026-08-28T07:01:47Z,98779974592,"complement / complement (workers, Postgres (hybrid, tikv))",1804,failure
guru/refactor/rust-hamt-state-res,33149964983,2026-08-28T07:01:47Z,98779974631,"complement / complement (workers, Postgres)",1789,success
guru/refactor/rust-hamt-state-res,33149964983,2026-08-28T07:01:47Z,98779975324,"trial-pypy",0,skipped
guru/refactor/rust-hamt-state-res,33149964983,2026-08-28T07:01:47Z,98780005042,"sytest (bookworm, multi-postgres, workers, tikv)",289,failure
guru/refactor/rust-hamt-state-res,33149964983,2026-08-28T07:01:47Z,98780005056,"trial (3.10, sqlite, all)",562,cancelled
guru/refactor/rust-hamt-state-res,33149964983,2026-08-28T07:01:47Z,98780005059,"sytest (bookworm, multi-postgres, workers)",257,failure
guru/refactor/rust-hamt-state-res,33149964983,2026-08-28T07:01:47Z,98780005089,"sytest (bookworm)",256,failure
guru/refactor/rust-hamt-state-res,33149964983,2026-08-28T07:01:47Z,98780005092,"trial (3.13, postgres, 17, all)",536,failure
guru/refactor/rust-hamt-state-res,33149964983,2026-08-28T07:01:47Z,98780005101,"sytest (bookworm, postgres)",257,failure
guru/refactor/rust-hamt-state-res,33149964983,2026-08-28T07:01:47Z,98780005151,"trial (3.10, postgres, 14, all)",564,cancelled
guru/refactor/rust-hamt-state-res,33149964983,2026-08-28T07:01:47Z,98780005162,"trial (3.10, tikv, all)",560,cancelled
guru/refactor/rust-hamt-state-res,33149964983,2026-08-28T07:01:47Z,98780005178,"sytest (bookworm, multi-postgres, workers, asyncio)",252,failure
guru/refactor/rust-hamt-state-res,33149964983,2026-08-28T07:01:47Z,98780005197,"trial (3.13, sqlite, all)",411,success
guru/refactor/rust-hamt-state-res,33149964983,2026-08-28T07:01:47Z,98780005439,"trial (3.10, sqlite)",483,success
guru/refactor/rust-hamt-state-res,33149964983,2026-08-28T07:01:47Z,98781014161,"export-data",279,success
guru/refactor/rust-hamt-state-res,33149964983,2026-08-28T07:01:47Z,98785852499,"tests-done",5,failure
guru/refactor/rust-hamt-state-res,33156466915,2026-08-28T08:43:24Z,98800303170,"check-lockfile",8,success
guru/refactor/rust-hamt-state-res,33156466915,2026-08-28T08:43:24Z,98800303457,"lint-crlf",5,success
guru/refactor/rust-hamt-state-res,33156466915,2026-08-28T08:43:24Z,98800303465,"changes",5,success
guru/refactor/rust-hamt-state-res,33156466915,2026-08-28T08:43:24Z,98800304555,"lint-newsfile",0,skipped
guru/refactor/rust-hamt-state-res,33156466915,2026-08-28T08:43:24Z,98800330769,"check-schema-delta",18,success
guru/refactor/rust-hamt-state-res,33156466915,2026-08-28T08:43:24Z,98800330826,"lint",157,success
guru/refactor/rust-hamt-state-res,33156466915,2026-08-28T08:43:24Z,98800330843,"lint-clippy-nightly",21,success
guru/refactor/rust-hamt-state-res,33156466915,2026-08-28T08:43:24Z,98800330963,"check-sampleconfig",73,success
guru/refactor/rust-hamt-state-res,33156466915,2026-08-28T08:43:24Z,98800330979,"lint-rust",69,success
guru/refactor/rust-hamt-state-res,33156466915,2026-08-28T08:43:24Z,98800331019,"lint-clippy",24,success
guru/refactor/rust-hamt-state-res,33156466915,2026-08-28T08:43:24Z,98800331043,"Typechecking",78,success
guru/refactor/rust-hamt-state-res,33156466915,2026-08-28T08:43:24Z,98800331048,"lint-golangci",30,success
guru/refactor/rust-hamt-state-res,33156466915,2026-08-28T08:43:24Z,98800331074,"lint-rustfmt",17,success
guru/refactor/rust-hamt-state-res,33156466915,2026-08-28T08:43:24Z,98800332418,"lint-readme",0,skipped
guru/refactor/rust-hamt-state-res,33156466915,2026-08-28T08:43:24Z,98800908724,"linting-done",3,success
guru/refactor/rust-hamt-state-res,33156466915,2026-08-28T08:43:24Z,98800925772,"trial-tikv",553,success
guru/refactor/rust-hamt-state-res,33156466915,2026-08-28T08:43:24Z,98800925802,"calculate-test-jobs",8,success
guru/refactor/rust-hamt-state-res,33156466915,2026-08-28T08:43:24Z,98800925813,"trial-olddeps",430,success
guru/refactor/rust-hamt-state-res,33156466915,2026-08-28T08:43:24Z,98800925856,"cargo-bench",77,success
guru/refactor/rust-hamt-state-res,33156466915,2026-08-28T08:43:24Z,98800925861,"cargo-test",44,success
guru/refactor/rust-hamt-state-res,33156466915,2026-08-28T08:43:24Z,98800925869,"portdb (3.10, 14)",336,success
guru/refactor/rust-hamt-state-res,33156466915,2026-08-28T08:43:24Z,98800925957,"portdb (3.13, 17)",361,success
guru/refactor/rust-hamt-state-res,33156466915,2026-08-28T08:43:24Z,98800925974,"complement / complement (monolith, SQLite)",1068,success
guru/refactor/rust-hamt-state-res,33156466915,2026-08-28T08:43:24Z,98800925977,"complement / complement (hybrid, SQLite (hybrid, tikv))",1037,success
guru/refactor/rust-hamt-state-res,33156466915,2026-08-28T08:43:24Z,98800926004,"complement / complement (workers, Postgres)",1726,success
guru/refactor/rust-hamt-state-res,33156466915,2026-08-28T08:43:24Z,98800926037,"complement / complement (workers, Postgres (hybrid, tikv))",1835,success
guru/refactor/rust-hamt-state-res,33156466915,2026-08-28T08:43:24Z,98800926047,"complement / complement (monolith, Postgres)",1113,success
guru/refactor/rust-hamt-state-res,33156466915,2026-08-28T08:43:24Z,98800926049,"complement / complement (hybrid, Postgres (hybrid, tikv))",1156,success
guru/refactor/rust-hamt-state-res,33156466915,2026-08-28T08:43:24Z,98800927223,"trial-pypy",0,skipped
guru/refactor/rust-hamt-state-res,33156466915,2026-08-28T08:43:24Z,98800964765,"trial (3.13, sqlite, all)",462,success
guru/refactor/rust-hamt-state-res,33156466915,2026-08-28T08:43:24Z,98800964781,"sytest (bookworm, multi-postgres, workers)",1723,failure
guru/refactor/rust-hamt-state-res,33156466915,2026-08-28T08:43:24Z,98800964796,"trial (3.10, postgres, 14, all)",1103,success
guru/refactor/rust-hamt-state-res,33156466915,2026-08-28T08:43:24Z,98800964810,"sytest (bookworm, multi-postgres, workers, tikv)",1185,failure
guru/refactor/rust-hamt-state-res,33156466915,2026-08-28T08:43:24Z,98800964835,"trial (3.13, postgres, 17, all)",1113,success
guru/refactor/rust-hamt-state-res,33156466915,2026-08-28T08:43:24Z,98800964842,"sytest (bookworm)",767,failure
guru/refactor/rust-hamt-state-res,33156466915,2026-08-28T08:43:24Z,98800964852,"sytest (bookworm, multi-postgres, workers, asyncio)",989,failure
guru/refactor/rust-hamt-state-res,33156466915,2026-08-28T08:43:24Z,98800964858,"trial (3.10, sqlite)",509,success
guru/refactor/rust-hamt-state-res,33156466915,2026-08-28T08:43:24Z,98800964865,"sytest (bookworm, postgres)",705,failure
guru/refactor/rust-hamt-state-res,33156466915,2026-08-28T08:43:24Z,98800964875,"trial (3.10, sqlite, all)",552,success
guru/refactor/rust-hamt-state-res,33156466915,2026-08-28T08:43:24Z,98800964918,"trial (3.10, tikv, all)",694,success
guru/refactor/rust-hamt-state-res,33156466915,2026-08-28T08:43:24Z,98802225609,"export-data",236,success
guru/refactor/rust-hamt-state-res,33156466915,2026-08-28T08:43:24Z,98807666157,"tests-done",2,failure
guru/refactor/rust-hamt-state-res,33163201496,2026-08-28T10:23:56Z,98822350865,"lint-crlf",7,success
guru/refactor/rust-hamt-state-res,33163201496,2026-08-28T10:23:56Z,98822351005,"check-lockfile",7,success
guru/refactor/rust-hamt-state-res,33163201496,2026-08-28T10:23:56Z,98822351011,"changes",4,success
guru/refactor/rust-hamt-state-res,33163201496,2026-08-28T10:23:56Z,98822351906,"lint-newsfile",-1,skipped
guru/refactor/rust-hamt-state-res,33163201496,2026-08-28T10:23:56Z,98822374668,"lint",158,success
guru/refactor/rust-hamt-state-res,33163201496,2026-08-28T10:23:56Z,98822374688,"lint-clippy",22,success
guru/refactor/rust-hamt-state-res,33163201496,2026-08-28T10:23:56Z,98822374692,"lint-clippy-nightly",29,success
guru/refactor/rust-hamt-state-res,33163201496,2026-08-28T10:23:56Z,98822374709,"check-sampleconfig",64,success
guru/refactor/rust-hamt-state-res,33163201496,2026-08-28T10:23:56Z,98822374725,"lint-rust",70,success
guru/refactor/rust-hamt-state-res,33163201496,2026-08-28T10:23:56Z,98822374751,"lint-golangci",23,success
guru/refactor/rust-hamt-state-res,33163201496,2026-08-28T10:23:56Z,98822374756,"lint-rustfmt",16,success
guru/refactor/rust-hamt-state-res,33163201496,2026-08-28T10:23:56Z,98822374758,"Typechecking",84,success
guru/refactor/rust-hamt-state-res,33163201496,2026-08-28T10:23:56Z,98822374782,"check-schema-delta",18,success
guru/refactor/rust-hamt-state-res,33163201496,2026-08-28T10:23:56Z,98822375555,"lint-readme",0,skipped
guru/refactor/rust-hamt-state-res,33163201496,2026-08-28T10:23:56Z,98822918343,"linting-done",3,success
guru/refactor/rust-hamt-state-res,33163201496,2026-08-28T10:23:56Z,98822933530,"trial-tikv",559,failure
guru/refactor/rust-hamt-state-res,33163201496,2026-08-28T10:23:56Z,98822933573,"trial-olddeps",433,success
guru/refactor/rust-hamt-state-res,33163201496,2026-08-28T10:23:56Z,98822933577,"cargo-test",46,success
guru/refactor/rust-hamt-state-res,33163201496,2026-08-28T10:23:56Z,98822933584,"calculate-test-jobs",5,success
guru/refactor/rust-hamt-state-res,33163201496,2026-08-28T10:23:56Z,98822933598,"portdb (3.10, 14)",338,success
guru/refactor/rust-hamt-state-res,33163201496,2026-08-28T10:23:56Z,98822933608,"cargo-bench",68,success
guru/refactor/rust-hamt-state-res,33163201496,2026-08-28T10:23:56Z,98822933661,"portdb (3.13, 17)",325,success
guru/refactor/rust-hamt-state-res,33163201496,2026-08-28T10:23:56Z,98822933673,"complement / complement (monolith, SQLite)",955,success
guru/refactor/rust-hamt-state-res,33163201496,2026-08-28T10:23:56Z,98822933704,"complement / complement (hybrid, Postgres (hybrid, tikv))",1095,success
guru/refactor/rust-hamt-state-res,33163201496,2026-08-28T10:23:56Z,98822933710,"complement / complement (monolith, Postgres)",1086,success
guru/refactor/rust-hamt-state-res,33163201496,2026-08-28T10:23:56Z,98822933711,"complement / complement (workers, Postgres)",1533,failure
guru/refactor/rust-hamt-state-res,33163201496,2026-08-28T10:23:56Z,98822933714,"complement / complement (workers, Postgres (hybrid, tikv))",1704,cancelled
guru/refactor/rust-hamt-state-res,33163201496,2026-08-28T10:23:56Z,98822933728,"complement / complement (hybrid, SQLite (hybrid, tikv))",1070,success
guru/refactor/rust-hamt-state-res,33163201496,2026-08-28T10:23:56Z,98822934914,"trial-pypy",-1,skipped
guru/refactor/rust-hamt-state-res,33163201496,2026-08-28T10:23:56Z,98822957402,"sytest (bookworm, postgres)",962,success
guru/refactor/rust-hamt-state-res,33163201496,2026-08-28T10:23:56Z,98822957430,"sytest (bookworm, multi-postgres, workers, tikv)",1244,success
guru/refactor/rust-hamt-state-res,33163201496,2026-08-28T10:23:56Z,98822957433,"trial (3.10, sqlite, all)",599,success
guru/refactor/rust-hamt-state-res,33163201496,2026-08-28T10:23:56Z,98822957443,"trial (3.10, sqlite)",502,success
guru/refactor/rust-hamt-state-res,33163201496,2026-08-28T10:23:56Z,98822957448,"trial (3.13, postgres, 17, all)",756,cancelled
guru/refactor/rust-hamt-state-res,33163201496,2026-08-28T10:23:56Z,98822957455,"trial (3.10, tikv, all)",729,failure
guru/refactor/rust-hamt-state-res,33163201496,2026-08-28T10:23:56Z,98822957462,"sytest (bookworm, multi-postgres, workers, asyncio)",1027,success
guru/refactor/rust-hamt-state-res,33163201496,2026-08-28T10:23:56Z,98822957467,"trial (3.13, sqlite, all)",346,success
guru/refactor/rust-hamt-state-res,33163201496,2026-08-28T10:23:56Z,98822957480,"trial (3.10, postgres, 14, all)",756,cancelled
guru/refactor/rust-hamt-state-res,33163201496,2026-08-28T10:23:56Z,98822957489,"sytest (bookworm)",631,success
guru/refactor/rust-hamt-state-res,33163201496,2026-08-28T10:23:56Z,98822957493,"sytest (bookworm, multi-postgres, workers)",1146,success
guru/refactor/rust-hamt-state-res,33163201496,2026-08-28T10:23:56Z,98824118338,"export-data",274,success
guru/refactor/rust-hamt-state-res,33163201496,2026-08-28T10:23:56Z,98828756212,"tests-done",5,failure
guru/refactor/rust-hamt-state-res,33165158856,2026-08-28T10:54:55Z,98828783979,"lint-crlf",5,success
guru/refactor/rust-hamt-state-res,33165158856,2026-08-28T10:54:55Z,98828784132,"changes",3,success
guru/refactor/rust-hamt-state-res,33165158856,2026-08-28T10:54:55Z,98828784198,"check-lockfile",7,success
guru/refactor/rust-hamt-state-res,33165158856,2026-08-28T10:54:55Z,98828785089,"lint-newsfile",0,skipped
guru/refactor/rust-hamt-state-res,33165158856,2026-08-28T10:54:55Z,98828801926,"lint-clippy-nightly",33,success
guru/refactor/rust-hamt-state-res,33165158856,2026-08-28T10:54:55Z,98828801928,"check-schema-delta",20,success
guru/refactor/rust-hamt-state-res,33165158856,2026-08-28T10:54:55Z,98828801937,"lint",127,success
guru/refactor/rust-hamt-state-res,33165158856,2026-08-28T10:54:55Z,98828801949,"Typechecking",90,success
guru/refactor/rust-hamt-state-res,33165158856,2026-08-28T10:54:55Z,98828801950,"lint-rust",67,success
guru/refactor/rust-hamt-state-res,33165158856,2026-08-28T10:54:55Z,98828801953,"lint-golangci",22,success
guru/refactor/rust-hamt-state-res,33165158856,2026-08-28T10:54:55Z,98828801979,"check-sampleconfig",65,success
guru/refactor/rust-hamt-state-res,33165158856,2026-08-28T10:54:55Z,98828801995,"lint-clippy",29,success
guru/refactor/rust-hamt-state-res,33165158856,2026-08-28T10:54:55Z,98828802023,"lint-rustfmt",19,success
guru/refactor/rust-hamt-state-res,33165158856,2026-08-28T10:54:55Z,98828803422,"lint-readme",-1,skipped
guru/refactor/rust-hamt-state-res,33165158856,2026-08-28T10:54:55Z,98829239825,"linting-done",5,success
guru/refactor/rust-hamt-state-res,33165158856,2026-08-28T10:54:55Z,98829265477,"portdb (3.13, 17)",334,success
guru/refactor/rust-hamt-state-res,33165158856,2026-08-28T10:54:55Z,98829265507,"trial-olddeps",357,failure
guru/refactor/rust-hamt-state-res,33165158856,2026-08-28T10:54:55Z,98829265509,"calculate-test-jobs",6,success
guru/refactor/rust-hamt-state-res,33165158856,2026-08-28T10:54:55Z,98829265542,"trial-tikv",689,failure
guru/refactor/rust-hamt-state-res,33165158856,2026-08-28T10:54:55Z,98829265554,"portdb (3.10, 14)",332,success
guru/refactor/rust-hamt-state-res,33165158856,2026-08-28T10:54:55Z,98829265561,"cargo-bench",94,success
guru/refactor/rust-hamt-state-res,33165158856,2026-08-28T10:54:55Z,98829265609,"cargo-test",45,success
guru/refactor/rust-hamt-state-res,33165158856,2026-08-28T10:54:55Z,98829265713,"complement / complement (workers, Postgres)",1778,success
guru/refactor/rust-hamt-state-res,33165158856,2026-08-28T10:54:55Z,98829265727,"complement / complement (hybrid, Postgres (hybrid, tikv))",314,failure
guru/refactor/rust-hamt-state-res,33165158856,2026-08-28T10:54:55Z,98829265799,"complement / complement (monolith, Postgres)",1093,success
guru/refactor/rust-hamt-state-res,33165158856,2026-08-28T10:54:55Z,98829265802,"complement / complement (hybrid, SQLite (hybrid, tikv))",314,failure
guru/refactor/rust-hamt-state-res,33165158856,2026-08-28T10:54:55Z,98829265806,"complement / complement (workers, Postgres (hybrid, tikv))",432,failure
guru/refactor/rust-hamt-state-res,33165158856,2026-08-28T10:54:55Z,98829265822,"complement / complement (monolith, SQLite)",1004,success
guru/refactor/rust-hamt-state-res,33165158856,2026-08-28T10:54:55Z,98829266422,"trial-pypy",-1,skipped
guru/refactor/rust-hamt-state-res,33165158856,2026-08-28T10:54:55Z,98829293328,"sytest (bookworm, postgres)",911,success
guru/refactor/rust-hamt-state-res,33165158856,2026-08-28T10:54:55Z,98829293343,"trial (3.13, sqlite, all)",472,failure
guru/refactor/rust-hamt-state-res,33165158856,2026-08-28T10:54:55Z,98829293344,"sytest (bookworm, multi-postgres, workers)",1180,success
guru/refactor/rust-hamt-state-res,33165158856,2026-08-28T10:54:55Z,98829293348,"trial (3.10, postgres, 14, all)",490,cancelled
guru/refactor/rust-hamt-state-res,33165158856,2026-08-28T10:54:55Z,98829293370,"sytest (bookworm)",806,success
guru/refactor/rust-hamt-state-res,33165158856,2026-08-28T10:54:55Z,98829293386,"sytest (bookworm, multi-postgres, workers, tikv)",315,failure
guru/refactor/rust-hamt-state-res,33165158856,2026-08-28T10:54:55Z,98829293394,"sytest (bookworm, multi-postgres, workers, asyncio)",1204,success
guru/refactor/rust-hamt-state-res,33165158856,2026-08-28T10:54:55Z,98829293405,"trial (3.13, postgres, 17, all)",491,cancelled
guru/refactor/rust-hamt-state-res,33165158856,2026-08-28T10:54:55Z,98829293440,"trial (3.10, sqlite, all)",494,cancelled
guru/refactor/rust-hamt-state-res,33165158856,2026-08-28T10:54:55Z,98829293452,"trial (3.10, sqlite)",474,cancelled
guru/refactor/rust-hamt-state-res,33165158856,2026-08-28T10:54:55Z,98829293492,"trial (3.10, tikv, all)",491,cancelled
guru/refactor/rust-hamt-state-res,33165158856,2026-08-28T10:54:55Z,98830438201,"export-data",318,success
guru/refactor/rust-hamt-state-res,33165158856,2026-08-28T10:54:55Z,98835388977,"tests-done",5,failure
guru/refactor/rust-hamt-state-res,33179548702,2026-08-28T14:19:05Z,98876909043,"lint-crlf",7,success
guru/refactor/rust-hamt-state-res,33179548702,2026-08-28T14:19:05Z,98876909270,"changes",4,success
guru/refactor/rust-hamt-state-res,33179548702,2026-08-28T14:19:05Z,98876909303,"check-lockfile",6,success
guru/refactor/rust-hamt-state-res,33179548702,2026-08-28T14:19:05Z,98876910476,"lint-newsfile",0,skipped
guru/refactor/rust-hamt-state-res,33179548702,2026-08-28T14:19:05Z,98876934244,"lint-clippy",62,success
guru/refactor/rust-hamt-state-res,33179548702,2026-08-28T14:19:05Z,98876934292,"lint-golangci",22,success
guru/refactor/rust-hamt-state-res,33179548702,2026-08-28T14:19:05Z,98876934297,"check-schema-delta",23,success
guru/refactor/rust-hamt-state-res,33179548702,2026-08-28T14:19:05Z,98876934311,"lint-clippy-nightly",74,success
guru/refactor/rust-hamt-state-res,33179548702,2026-08-28T14:19:05Z,98876934330,"lint-rustfmt",26,success
guru/refactor/rust-hamt-state-res,33179548702,2026-08-28T14:19:05Z,98876934332,"lint",158,success
guru/refactor/rust-hamt-state-res,33179548702,2026-08-28T14:19:05Z,98876934336,"Typechecking",170,success
guru/refactor/rust-hamt-state-res,33179548702,2026-08-28T14:19:05Z,98876934369,"lint-rust",173,success
guru/refactor/rust-hamt-state-res,33179548702,2026-08-28T14:19:05Z,98876934902,"check-sampleconfig",144,success
guru/refactor/rust-hamt-state-res,33179548702,2026-08-28T14:19:05Z,98876935481,"lint-readme",0,skipped
guru/refactor/rust-hamt-state-res,33179548702,2026-08-28T14:19:05Z,98877779158,"linting-done",3,success
guru/refactor/rust-hamt-state-res,33179548702,2026-08-28T14:19:05Z,98877800201,"trial-tikv",740,failure
guru/refactor/rust-hamt-state-res,33179548702,2026-08-28T14:19:05Z,98877800204,"cargo-test",107,success
guru/refactor/rust-hamt-state-res,33179548702,2026-08-28T14:19:05Z,98877800223,"portdb (3.13, 17)",335,success
guru/refactor/rust-hamt-state-res,33179548702,2026-08-28T14:19:05Z,98877800224,"calculate-test-jobs",6,success
guru/refactor/rust-hamt-state-res,33179548702,2026-08-28T14:19:05Z,98877800230,"cargo-bench",203,success
guru/refactor/rust-hamt-state-res,33179548702,2026-08-28T14:19:05Z,98877800260,"trial-olddeps",659,success
guru/refactor/rust-hamt-state-res,33179548702,2026-08-28T14:19:05Z,98877800346,"portdb (3.10, 14)",405,success
guru/refactor/rust-hamt-state-res,33179548702,2026-08-28T14:19:05Z,98877800393,"complement / complement (workers, Postgres (hybrid, tikv))",1842,success
guru/refactor/rust-hamt-state-res,33179548702,2026-08-28T14:19:05Z,98877800402,"complement / complement (monolith, Postgres)",1113,success
guru/refactor/rust-hamt-state-res,33179548702,2026-08-28T14:19:05Z,98877800404,"complement / complement (workers, Postgres)",1821,success
guru/refactor/rust-hamt-state-res,33179548702,2026-08-28T14:19:05Z,98877800427,"complement / complement (hybrid, SQLite (hybrid, tikv))",1042,success
guru/refactor/rust-hamt-state-res,33179548702,2026-08-28T14:19:05Z,98877800432,"complement / complement (hybrid, Postgres (hybrid, tikv))",1122,success
guru/refactor/rust-hamt-state-res,33179548702,2026-08-28T14:19:05Z,98877800704,"complement / complement (monolith, SQLite)",991,success
guru/refactor/rust-hamt-state-res,33179548702,2026-08-28T14:19:05Z,98877802347,"trial-pypy",0,skipped
guru/refactor/rust-hamt-state-res,33179548702,2026-08-28T14:19:05Z,98877840217,"sytest (bookworm, multi-postgres, workers, tikv)",1286,failure
guru/refactor/rust-hamt-state-res,33179548702,2026-08-28T14:19:05Z,98877840266,"sytest (bookworm, multi-postgres, workers, asyncio)",1055,failure
guru/refactor/rust-hamt-state-res,33179548702,2026-08-28T14:19:05Z,98877840269,"trial (3.13, sqlite, all)",521,cancelled
guru/refactor/rust-hamt-state-res,33179548702,2026-08-28T14:19:05Z,98877840283,"sytest (bookworm, multi-postgres, workers)",1199,failure
guru/refactor/rust-hamt-state-res,33179548702,2026-08-28T14:19:05Z,98877840290,"sytest (bookworm, postgres)",963,failure
guru/refactor/rust-hamt-state-res,33179548702,2026-08-28T14:19:05Z,98877840312,"trial (3.10, tikv, all)",496,failure
guru/refactor/rust-hamt-state-res,33179548702,2026-08-28T14:19:05Z,98877840320,"trial (3.10, sqlite, all)",489,success
guru/refactor/rust-hamt-state-res,33179548702,2026-08-28T14:19:05Z,98877840332,"trial (3.10, sqlite)",520,cancelled
guru/refactor/rust-hamt-state-res,33179548702,2026-08-28T14:19:05Z,98877840337,"sytest (bookworm)",869,failure
guru/refactor/rust-hamt-state-res,33179548702,2026-08-28T14:19:05Z,98877840381,"trial (3.10, postgres, 14, all)",515,cancelled
guru/refactor/rust-hamt-state-res,33179548702,2026-08-28T14:19:05Z,98877840449,"trial (3.13, postgres, 17, all)",515,cancelled
guru/refactor/rust-hamt-state-res,33179548702,2026-08-28T14:19:05Z,98879736505,"export-data",277,success
guru/refactor/rust-hamt-state-res,33179548702,2026-08-28T14:19:05Z,98886573690,"tests-done",3,failure
guru/refactor/rust-hamt-state-res,33223788682,2026-08-29T00:31:32Z,99023225039,"changes",2,success
guru/refactor/rust-hamt-state-res,33223788682,2026-08-29T00:31:32Z,99023225142,"lint-crlf",5,success
guru/refactor/rust-hamt-state-res,33223788682,2026-08-29T00:31:32Z,99023225161,"check-lockfile",6,success
guru/refactor/rust-hamt-state-res,33223788682,2026-08-29T00:31:32Z,99023225900,"lint-newsfile",0,skipped
guru/refactor/rust-hamt-state-res,33223788682,2026-08-29T00:31:32Z,99023233945,"check-schema-delta",25,success
guru/refactor/rust-hamt-state-res,33223788682,2026-08-29T00:31:32Z,99023233966,"Typechecking",85,success
guru/refactor/rust-hamt-state-res,33223788682,2026-08-29T00:31:32Z,99023233968,"check-sampleconfig",77,success
guru/refactor/rust-hamt-state-res,33223788682,2026-08-29T00:31:32Z,99023233978,"lint-clippy",27,success
guru/refactor/rust-hamt-state-res,33223788682,2026-08-29T00:31:32Z,99023233982,"lint-rust",68,success
guru/refactor/rust-hamt-state-res,33223788682,2026-08-29T00:31:32Z,99023233985,"lint",161,success
guru/refactor/rust-hamt-state-res,33223788682,2026-08-29T00:31:32Z,99023234004,"lint-rustfmt",23,success
guru/refactor/rust-hamt-state-res,33223788682,2026-08-29T00:31:32Z,99023234011,"lint-clippy-nightly",29,success
guru/refactor/rust-hamt-state-res,33223788682,2026-08-29T00:31:32Z,99023234031,"lint-golangci",24,success
guru/refactor/rust-hamt-state-res,33223788682,2026-08-29T00:31:32Z,99023234590,"lint-readme",-1,skipped
guru/refactor/rust-hamt-state-res,33223788682,2026-08-29T00:31:32Z,99023636205,"linting-done",2,success
guru/refactor/rust-hamt-state-res,33223788682,2026-08-29T00:31:32Z,99023647370,"portdb (3.10, 14)",316,success
guru/refactor/rust-hamt-state-res,33223788682,2026-08-29T00:31:32Z,99023647371,"trial-tikv",677,success
guru/refactor/rust-hamt-state-res,33223788682,2026-08-29T00:31:32Z,99023647375,"cargo-bench",80,success
guru/refactor/rust-hamt-state-res,33223788682,2026-08-29T00:31:32Z,99023647384,"cargo-test",48,success
guru/refactor/rust-hamt-state-res,33223788682,2026-08-29T00:31:32Z,99023647402,"calculate-test-jobs",7,success
guru/refactor/rust-hamt-state-res,33223788682,2026-08-29T00:31:32Z,99023647403,"portdb (3.13, 17)",360,success
guru/refactor/rust-hamt-state-res,33223788682,2026-08-29T00:31:32Z,99023647445,"trial-olddeps",580,success
guru/refactor/rust-hamt-state-res,33223788682,2026-08-29T00:31:32Z,99023647483,"complement / complement (monolith, SQLite)",998,success
guru/refactor/rust-hamt-state-res,33223788682,2026-08-29T00:31:32Z,99023647496,"complement / complement (hybrid, Postgres (hybrid, tikv))",1158,success
guru/refactor/rust-hamt-state-res,33223788682,2026-08-29T00:31:32Z,99023647531,"complement / complement (workers, Postgres (hybrid, tikv))",1788,success
guru/refactor/rust-hamt-state-res,33223788682,2026-08-29T00:31:32Z,99023647542,"complement / complement (monolith, Postgres)",1088,success
guru/refactor/rust-hamt-state-res,33223788682,2026-08-29T00:31:32Z,99023647564,"complement / complement (workers, Postgres)",1784,success
guru/refactor/rust-hamt-state-res,33223788682,2026-08-29T00:31:32Z,99023647583,"complement / complement (hybrid, SQLite (hybrid, tikv))",1065,success
guru/refactor/rust-hamt-state-res,33223788682,2026-08-29T00:31:32Z,99023648076,"trial-pypy",-1,skipped
guru/refactor/rust-hamt-state-res,33223788682,2026-08-29T00:31:32Z,99023666181,"sytest (bookworm, multi-postgres, workers)",1295,success
guru/refactor/rust-hamt-state-res,33223788682,2026-08-29T00:31:32Z,99023666189,"trial (3.10, sqlite, all)",555,success
guru/refactor/rust-hamt-state-res,33223788682,2026-08-29T00:31:32Z,99023666193,"sytest (bookworm, multi-postgres, workers, tikv)",1058,success
guru/refactor/rust-hamt-state-res,33223788682,2026-08-29T00:31:32Z,99023666196,"sytest (bookworm, postgres)",965,success
guru/refactor/rust-hamt-state-res,33223788682,2026-08-29T00:31:32Z,99023666207,"trial (3.13, sqlite, all)",507,success
guru/refactor/rust-hamt-state-res,33223788682,2026-08-29T00:31:32Z,99023666208,"trial (3.13, postgres, 17, all)",1062,failure
guru/refactor/rust-hamt-state-res,33223788682,2026-08-29T00:31:32Z,99023666217,"trial (3.10, postgres, 14, all)",1085,cancelled
guru/refactor/rust-hamt-state-res,33223788682,2026-08-29T00:31:32Z,99023666231,"sytest (bookworm)",952,success
guru/refactor/rust-hamt-state-res,33223788682,2026-08-29T00:31:32Z,99023666261,"trial (3.10, tikv, all)",649,success
guru/refactor/rust-hamt-state-res,33223788682,2026-08-29T00:31:32Z,99023666330,"sytest (bookworm, multi-postgres, workers, asyncio)",1326,success
guru/refactor/rust-hamt-state-res,33223788682,2026-08-29T00:31:32Z,99023666411,"trial (3.10, sqlite)",513,success
guru/refactor/rust-hamt-state-res,33223788682,2026-08-29T00:31:32Z,99024523483,"export-data",276,success
guru/refactor/rust-hamt-state-res,33223788682,2026-08-29T00:31:32Z,99027927205,"tests-done",5,failure
guru/refactor/rust-hamt-state-res,33230567164,2026-08-29T03:06:22Z,99042541816,"lint-crlf",6,success
guru/refactor/rust-hamt-state-res,33230567164,2026-08-29T03:06:22Z,99042541897,"changes",5,success
guru/refactor/rust-hamt-state-res,33230567164,2026-08-29T03:06:22Z,99042541918,"check-lockfile",10,success
guru/refactor/rust-hamt-state-res,33230567164,2026-08-29T03:06:22Z,99042542310,"lint-newsfile",-1,skipped
guru/refactor/rust-hamt-state-res,33230567164,2026-08-29T03:06:22Z,99042555353,"Typechecking",87,success
guru/refactor/rust-hamt-state-res,33230567164,2026-08-29T03:06:22Z,99042555370,"check-schema-delta",22,success
guru/refactor/rust-hamt-state-res,33230567164,2026-08-29T03:06:22Z,99042555373,"lint",154,success
guru/refactor/rust-hamt-state-res,33230567164,2026-08-29T03:06:22Z,99042555385,"lint-rustfmt",26,success
guru/refactor/rust-hamt-state-res,33230567164,2026-08-29T03:06:22Z,99042555388,"check-sampleconfig",64,success
guru/refactor/rust-hamt-state-res,33230567164,2026-08-29T03:06:22Z,99042555397,"lint-rust",64,success
guru/refactor/rust-hamt-state-res,33230567164,2026-08-29T03:06:22Z,99042555409,"lint-clippy",21,success
guru/refactor/rust-hamt-state-res,33230567164,2026-08-29T03:06:22Z,99042555417,"lint-clippy-nightly",28,success
guru/refactor/rust-hamt-state-res,33230567164,2026-08-29T03:06:22Z,99042555451,"lint-golangci",26,success
guru/refactor/rust-hamt-state-res,33230567164,2026-08-29T03:06:22Z,99042556018,"lint-readme",-1,skipped
guru/refactor/rust-hamt-state-res,33230567164,2026-08-29T03:06:22Z,99042839609,"linting-done",5,success
guru/refactor/rust-hamt-state-res,33230567164,2026-08-29T03:06:22Z,99042851736,"calculate-test-jobs",6,success
guru/refactor/rust-hamt-state-res,33230567164,2026-08-29T03:06:22Z,99042851751,"trial-tikv",557,success
guru/refactor/rust-hamt-state-res,33230567164,2026-08-29T03:06:22Z,99042851757,"portdb (3.13, 17)",305,success
guru/refactor/rust-hamt-state-res,33230567164,2026-08-29T03:06:22Z,99042851758,"trial-olddeps",412,success
guru/refactor/rust-hamt-state-res,33230567164,2026-08-29T03:06:22Z,99042851781,"portdb (3.10, 14)",345,success
guru/refactor/rust-hamt-state-res,33230567164,2026-08-29T03:06:22Z,99042851793,"cargo-bench",99,success
guru/refactor/rust-hamt-state-res,33230567164,2026-08-29T03:06:22Z,99042851795,"cargo-test",44,success
guru/refactor/rust-hamt-state-res,33230567164,2026-08-29T03:06:22Z,99042851834,"complement / complement (hybrid, Postgres (hybrid, tikv))",318,failure
guru/refactor/rust-hamt-state-res,33230567164,2026-08-29T03:06:22Z,99042851855,"complement / complement (workers, Postgres)",275,failure
guru/refactor/rust-hamt-state-res,33230567164,2026-08-29T03:06:22Z,99042851860,"complement / complement (workers, Postgres (hybrid, tikv))",292,failure
guru/refactor/rust-hamt-state-res,33230567164,2026-08-29T03:06:22Z,99042851871,"complement / complement (monolith, Postgres)",281,failure
guru/refactor/rust-hamt-state-res,33230567164,2026-08-29T03:06:22Z,99042851878,"complement / complement (monolith, SQLite)",281,failure
guru/refactor/rust-hamt-state-res,33230567164,2026-08-29T03:06:22Z,99042851913,"complement / complement (hybrid, SQLite (hybrid, tikv))",291,failure
guru/refactor/rust-hamt-state-res,33230567164,2026-08-29T03:06:22Z,99042852439,"trial-pypy",-1,skipped
guru/refactor/rust-hamt-state-res,33230567164,2026-08-29T03:06:22Z,99042868998,"sytest (bookworm, multi-postgres, workers, tikv)",2001,cancelled
guru/refactor/rust-hamt-state-res,33230567164,2026-08-29T03:06:22Z,99042869003,"sytest (bookworm, multi-postgres, workers, asyncio)",1176,success
guru/refactor/rust-hamt-state-res,33230567164,2026-08-29T03:06:22Z,99042869008,"trial (3.10, sqlite, all)",423,success
guru/refactor/rust-hamt-state-res,33230567164,2026-08-29T03:06:22Z,99042869010,"trial (3.10, sqlite)",457,success
guru/refactor/rust-hamt-state-res,33230567164,2026-08-29T03:06:22Z,99042869015,"trial (3.10, tikv, all)",638,success
guru/refactor/rust-hamt-state-res,33230567164,2026-08-29T03:06:22Z,99042869026,"trial (3.10, postgres, 14, all)",1175,success
guru/refactor/rust-hamt-state-res,33230567164,2026-08-29T03:06:22Z,99042869039,"trial (3.13, sqlite, all)",438,success
guru/refactor/rust-hamt-state-res,33230567164,2026-08-29T03:06:22Z,99042869049,"trial (3.13, postgres, 17, all)",1308,success
guru/refactor/rust-hamt-state-res,33230567164,2026-08-29T03:06:22Z,99042869056,"sytest (bookworm, multi-postgres, workers)",893,success
guru/refactor/rust-hamt-state-res,33230567164,2026-08-29T03:06:22Z,99042869110,"sytest (bookworm, postgres)",967,success
guru/refactor/rust-hamt-state-res,33230567164,2026-08-29T03:06:22Z,99042869116,"sytest (bookworm)",764,success
guru/refactor/rust-hamt-state-res,33230567164,2026-08-29T03:06:22Z,99043482624,"export-data",279,success
guru/refactor/rust-hamt-state-res,33230567164,2026-08-29T03:06:22Z,99046539166,"tests-done",2,failure
guru/refactor/rust-hamt-state-res,33232078757,2026-08-29T03:42:40Z,99046548927,"lint-crlf",6,success
guru/refactor/rust-hamt-state-res,33232078757,2026-08-29T03:42:40Z,99046548989,"check-lockfile",7,success
guru/refactor/rust-hamt-state-res,33232078757,2026-08-29T03:42:40Z,99046549079,"changes",4,success
guru/refactor/rust-hamt-state-res,33232078757,2026-08-29T03:42:40Z,99046549398,"lint-newsfile",0,skipped
guru/refactor/rust-hamt-state-res,33232078757,2026-08-29T03:42:40Z,99046558591,"Typechecking",85,success
guru/refactor/rust-hamt-state-res,33232078757,2026-08-29T03:42:40Z,99046558592,"lint",164,success
guru/refactor/rust-hamt-state-res,33232078757,2026-08-29T03:42:40Z,99046558610,"check-sampleconfig",67,success
guru/refactor/rust-hamt-state-res,33232078757,2026-08-29T03:42:40Z,99046558612,"lint-clippy-nightly",29,success
guru/refactor/rust-hamt-state-res,33232078757,2026-08-29T03:42:40Z,99046558658,"lint-rust",61,success
guru/refactor/rust-hamt-state-res,33232078757,2026-08-29T03:42:40Z,99046558663,"lint-clippy",24,success
guru/refactor/rust-hamt-state-res,33232078757,2026-08-29T03:42:40Z,99046558705,"check-schema-delta",19,success
guru/refactor/rust-hamt-state-res,33232078757,2026-08-29T03:42:40Z,99046558709,"lint-golangci",37,success
guru/refactor/rust-hamt-state-res,33232078757,2026-08-29T03:42:40Z,99046558720,"lint-rustfmt",17,success
guru/refactor/rust-hamt-state-res,33232078757,2026-08-29T03:42:40Z,99046559263,"lint-readme",0,skipped
guru/refactor/rust-hamt-state-res,33232078757,2026-08-29T03:42:40Z,99046835598,"linting-done",3,success
guru/refactor/rust-hamt-state-res,33232078757,2026-08-29T03:42:40Z,99046846375,"portdb (3.13, 17)",324,success
guru/refactor/rust-hamt-state-res,33232078757,2026-08-29T03:42:40Z,99046846388,"cargo-test",48,success
guru/refactor/rust-hamt-state-res,33232078757,2026-08-29T03:42:40Z,99046846391,"trial-tikv",632,success
guru/refactor/rust-hamt-state-res,33232078757,2026-08-29T03:42:40Z,99046846393,"calculate-test-jobs",7,success
guru/refactor/rust-hamt-state-res,33232078757,2026-08-29T03:42:40Z,99046846400,"portdb (3.10, 14)",331,success
guru/refactor/rust-hamt-state-res,33232078757,2026-08-29T03:42:40Z,99046846429,"cargo-bench",87,success
guru/refactor/rust-hamt-state-res,33232078757,2026-08-29T03:42:40Z,99046846443,"trial-olddeps",560,success
guru/refactor/rust-hamt-state-res,33232078757,2026-08-29T03:42:40Z,99046846479,"complement / complement (monolith, SQLite)",994,success
guru/refactor/rust-hamt-state-res,33232078757,2026-08-29T03:42:40Z,99046846490,"complement / complement (hybrid, SQLite (hybrid, tikv))",1014,success
guru/refactor/rust-hamt-state-res,33232078757,2026-08-29T03:42:40Z,99046846493,"complement / complement (workers, Postgres)",1733,success
guru/refactor/rust-hamt-state-res,33232078757,2026-08-29T03:42:40Z,99046846498,"complement / complement (workers, Postgres (hybrid, tikv))",1933,success
guru/refactor/rust-hamt-state-res,33232078757,2026-08-29T03:42:40Z,99046846524,"complement / complement (monolith, Postgres)",1292,success
guru/refactor/rust-hamt-state-res,33232078757,2026-08-29T03:42:40Z,99046846564,"complement / complement (hybrid, Postgres (hybrid, tikv))",1136,success
guru/refactor/rust-hamt-state-res,33232078757,2026-08-29T03:42:40Z,99046846849,"trial-pypy",-1,skipped
guru/refactor/rust-hamt-state-res,33232078757,2026-08-29T03:42:40Z,99046862415,"sytest (bookworm, postgres)",827,success
guru/refactor/rust-hamt-state-res,33232078757,2026-08-29T03:42:40Z,99046862416,"trial (3.10, postgres, 14, all)",1069,success
guru/refactor/rust-hamt-state-res,33232078757,2026-08-29T03:42:40Z,99046862426,"sytest (bookworm)",716,success
guru/refactor/rust-hamt-state-res,33232078757,2026-08-29T03:42:40Z,99046862435,"sytest (bookworm, multi-postgres, workers)",1204,success
guru/refactor/rust-hamt-state-res,33232078757,2026-08-29T03:42:40Z,99046862449,"trial (3.10, sqlite, all)",558,success
guru/refactor/rust-hamt-state-res,33232078757,2026-08-29T03:42:40Z,99046862450,"trial (3.10, tikv, all)",677,success
guru/refactor/rust-hamt-state-res,33232078757,2026-08-29T03:42:40Z,99046862451,"trial (3.13, sqlite, all)",466,success
guru/refactor/rust-hamt-state-res,33232078757,2026-08-29T03:42:40Z,99046862462,"sytest (bookworm, multi-postgres, workers, tikv)",1119,success
guru/refactor/rust-hamt-state-res,33232078757,2026-08-29T03:42:40Z,99046862466,"trial (3.10, sqlite)",515,success
guru/refactor/rust-hamt-state-res,33232078757,2026-08-29T03:42:40Z,99046862475,"trial (3.13, postgres, 17, all)",1259,success
guru/refactor/rust-hamt-state-res,33232078757,2026-08-29T03:42:40Z,99046862517,"sytest (bookworm, multi-postgres, workers, asyncio)",1135,success
guru/refactor/rust-hamt-state-res,33232078757,2026-08-29T03:42:40Z,99047423258,"export-data",276,success
guru/refactor/rust-hamt-state-res,33232078757,2026-08-29T03:42:40Z,99050274177,"tests-done",3,success
guru/refactor/rust-hamt-state-res,33233506859,2026-08-29T04:18:37Z,99050329722,"check-lockfile",8,success
guru/refactor/rust-hamt-state-res,33233506859,2026-08-29T04:18:37Z,99050329764,"lint-crlf",8,success
guru/refactor/rust-hamt-state-res,33233506859,2026-08-29T04:18:37Z,99050329811,"changes",6,success
guru/refactor/rust-hamt-state-res,33233506859,2026-08-29T04:18:37Z,99050330192,"lint-newsfile",0,skipped
guru/refactor/rust-hamt-state-res,33233506859,2026-08-29T04:18:37Z,99050346742,"check-schema-delta",18,success
guru/refactor/rust-hamt-state-res,33233506859,2026-08-29T04:18:37Z,99050346743,"lint-clippy",27,success
guru/refactor/rust-hamt-state-res,33233506859,2026-08-29T04:18:37Z,99050346754,"check-sampleconfig",56,success
guru/refactor/rust-hamt-state-res,33233506859,2026-08-29T04:18:37Z,99050346784,"lint-golangci",23,success
guru/refactor/rust-hamt-state-res,33233506859,2026-08-29T04:18:37Z,99050346794,"lint-rustfmt",20,success
guru/refactor/rust-hamt-state-res,33233506859,2026-08-29T04:18:37Z,99050346809,"lint-clippy-nightly",19,success
guru/refactor/rust-hamt-state-res,33233506859,2026-08-29T04:18:37Z,99050346810,"Typechecking",83,success
guru/refactor/rust-hamt-state-res,33233506859,2026-08-29T04:18:37Z,99050346815,"lint",152,success
guru/refactor/rust-hamt-state-res,33233506859,2026-08-29T04:18:37Z,99050346847,"lint-rust",60,success
guru/refactor/rust-hamt-state-res,33233506859,2026-08-29T04:18:37Z,99050347406,"lint-readme",0,skipped
guru/refactor/rust-hamt-state-res,33233506859,2026-08-29T04:18:37Z,99050627536,"linting-done",5,success
guru/refactor/rust-hamt-state-res,33233506859,2026-08-29T04:18:37Z,99050644044,"trial-tikv",516,success
guru/refactor/rust-hamt-state-res,33233506859,2026-08-29T04:18:37Z,99050644067,"cargo-test",46,success
guru/refactor/rust-hamt-state-res,33233506859,2026-08-29T04:18:37Z,99050644076,"portdb (3.10, 14)",333,success
guru/refactor/rust-hamt-state-res,33233506859,2026-08-29T04:18:37Z,99050644079,"trial-olddeps",590,success
guru/refactor/rust-hamt-state-res,33233506859,2026-08-29T04:18:37Z,99050644116,"cargo-bench",78,success
guru/refactor/rust-hamt-state-res,33233506859,2026-08-29T04:18:37Z,99050644125,"portdb (3.13, 17)",335,success
guru/refactor/rust-hamt-state-res,33233506859,2026-08-29T04:18:37Z,99050644132,"calculate-test-jobs",4,success
guru/refactor/rust-hamt-state-res,33233506859,2026-08-29T04:18:37Z,99050644262,"complement / complement (hybrid, Postgres (hybrid, tikv))",1133,success
guru/refactor/rust-hamt-state-res,33233506859,2026-08-29T04:18:37Z,99050644281,"complement / complement (workers, Postgres (hybrid, tikv))",1847,success
guru/refactor/rust-hamt-state-res,33233506859,2026-08-29T04:18:37Z,99050644282,"complement / complement (workers, Postgres)",1729,success
guru/refactor/rust-hamt-state-res,33233506859,2026-08-29T04:18:37Z,99050644289,"complement / complement (monolith, Postgres)",855,success
guru/refactor/rust-hamt-state-res,33233506859,2026-08-29T04:18:37Z,99050644314,"complement / complement (monolith, SQLite)",1088,success
guru/refactor/rust-hamt-state-res,33233506859,2026-08-29T04:18:37Z,99050644329,"complement / complement (hybrid, SQLite (hybrid, tikv))",910,success
guru/refactor/rust-hamt-state-res,33233506859,2026-08-29T04:18:37Z,99050644793,"trial-pypy",0,skipped
guru/refactor/rust-hamt-state-res,33233506859,2026-08-29T04:18:37Z,99050656704,"sytest (bookworm, multi-postgres, workers, tikv)",1276,success
guru/refactor/rust-hamt-state-res,33233506859,2026-08-29T04:18:37Z,99050656721,"sytest (bookworm, multi-postgres, workers, asyncio)",904,success
guru/refactor/rust-hamt-state-res,33233506859,2026-08-29T04:18:37Z,99050656727,"sytest (bookworm, postgres)",889,success
guru/refactor/rust-hamt-state-res,33233506859,2026-08-29T04:18:37Z,99050656732,"trial (3.10, sqlite)",492,success
guru/refactor/rust-hamt-state-res,33233506859,2026-08-29T04:18:37Z,99050656734,"trial (3.10, postgres, 14, all)",1334,success
guru/refactor/rust-hamt-state-res,33233506859,2026-08-29T04:18:37Z,99050656752,"trial (3.13, postgres, 17, all)",1141,success
guru/refactor/rust-hamt-state-res,33233506859,2026-08-29T04:18:37Z,99050656771,"sytest (bookworm)",737,success
guru/refactor/rust-hamt-state-res,33233506859,2026-08-29T04:18:37Z,99050656772,"trial (3.13, sqlite, all)",465,success
guru/refactor/rust-hamt-state-res,33233506859,2026-08-29T04:18:37Z,99050656775,"sytest (bookworm, multi-postgres, workers)",1188,success
guru/refactor/rust-hamt-state-res,33233506859,2026-08-29T04:18:37Z,99050656795,"trial (3.10, tikv, all)",703,success
guru/refactor/rust-hamt-state-res,33233506859,2026-08-29T04:18:37Z,99050656798,"trial (3.10, sqlite, all)",595,success
guru/refactor/rust-hamt-state-res,33233506859,2026-08-29T04:18:37Z,99051248599,"export-data",280,success
guru/refactor/rust-hamt-state-res,33233506859,2026-08-29T04:18:37Z,99053879020,"tests-done",4,success
guru/refactor/rust-hamt-state-res,33235514274,2026-08-29T05:09:53Z,99055689319,"check-lockfile",9,success
guru/refactor/rust-hamt-state-res,33235514274,2026-08-29T05:09:53Z,99055689388,"changes",4,success
guru/refactor/rust-hamt-state-res,33235514274,2026-08-29T05:09:53Z,99055689396,"lint-crlf",8,success
guru/refactor/rust-hamt-state-res,33235514274,2026-08-29T05:09:53Z,99055689765,"lint-newsfile",0,skipped
guru/refactor/rust-hamt-state-res,33235514274,2026-08-29T05:09:53Z,99055702560,"lint-clippy-nightly",22,success
guru/refactor/rust-hamt-state-res,33235514274,2026-08-29T05:09:53Z,99055702567,"lint-rustfmt",21,success
guru/refactor/rust-hamt-state-res,33235514274,2026-08-29T05:09:53Z,99055702571,"check-schema-delta",19,success
guru/refactor/rust-hamt-state-res,33235514274,2026-08-29T05:09:53Z,99055702573,"lint-clippy",28,success
guru/refactor/rust-hamt-state-res,33235514274,2026-08-29T05:09:53Z,99055702590,"check-sampleconfig",61,success
guru/refactor/rust-hamt-state-res,33235514274,2026-08-29T05:09:53Z,99055702594,"lint-rust",66,success
guru/refactor/rust-hamt-state-res,33235514274,2026-08-29T05:09:53Z,99055702615,"lint-golangci",29,success
guru/refactor/rust-hamt-state-res,33235514274,2026-08-29T05:09:53Z,99055702629,"lint",153,success
guru/refactor/rust-hamt-state-res,33235514274,2026-08-29T05:09:53Z,99055702661,"Typechecking",92,success
guru/refactor/rust-hamt-state-res,33235514274,2026-08-29T05:09:53Z,99055702976,"lint-readme",0,skipped
guru/refactor/rust-hamt-state-res,33235514274,2026-08-29T05:09:53Z,99055981526,"linting-done",4,success
guru/refactor/rust-hamt-state-res,33235514274,2026-08-29T05:09:53Z,99055991734,"trial-olddeps",538,success
guru/refactor/rust-hamt-state-res,33235514274,2026-08-29T05:09:53Z,99055991741,"cargo-test",45,success
guru/refactor/rust-hamt-state-res,33235514274,2026-08-29T05:09:53Z,99055991743,"calculate-test-jobs",7,success
guru/refactor/rust-hamt-state-res,33235514274,2026-08-29T05:09:53Z,99055991749,"trial-tikv",612,success
guru/refactor/rust-hamt-state-res,33235514274,2026-08-29T05:09:53Z,99055991751,"portdb (3.13, 17)",335,success
guru/refactor/rust-hamt-state-res,33235514274,2026-08-29T05:09:53Z,99055991770,"portdb (3.10, 14)",343,success
guru/refactor/rust-hamt-state-res,33235514274,2026-08-29T05:09:53Z,99055991775,"cargo-bench",77,success
guru/refactor/rust-hamt-state-res,33235514274,2026-08-29T05:09:53Z,99055991814,"complement / complement (hybrid, SQLite (hybrid, tikv))",1036,success
guru/refactor/rust-hamt-state-res,33235514274,2026-08-29T05:09:53Z,99055991824,"complement / complement (hybrid, Postgres (hybrid, tikv))",1181,success
guru/refactor/rust-hamt-state-res,33235514274,2026-08-29T05:09:53Z,99055991825,"complement / complement (monolith, Postgres)",990,success
guru/refactor/rust-hamt-state-res,33235514274,2026-08-29T05:09:53Z,99055991842,"complement / complement (workers, Postgres)",1348,cancelled
guru/refactor/rust-hamt-state-res,33235514274,2026-08-29T05:09:53Z,99055991850,"complement / complement (monolith, SQLite)",945,success
guru/refactor/rust-hamt-state-res,33235514274,2026-08-29T05:09:53Z,99055991851,"complement / complement (workers, Postgres (hybrid, tikv))",1317,cancelled
guru/refactor/rust-hamt-state-res,33235514274,2026-08-29T05:09:53Z,99055992260,"trial-pypy",0,skipped
guru/refactor/rust-hamt-state-res,33235514274,2026-08-29T05:09:53Z,99056008694,"trial (3.10, sqlite)",441,success
guru/refactor/rust-hamt-state-res,33235514274,2026-08-29T05:09:53Z,99056008701,"sytest (bookworm, multi-postgres, workers, asyncio)",891,success
guru/refactor/rust-hamt-state-res,33235514274,2026-08-29T05:09:53Z,99056008702,"trial (3.10, postgres, 14, all)",1297,cancelled
guru/refactor/rust-hamt-state-res,33235514274,2026-08-29T05:09:53Z,99056008703,"trial (3.13, postgres, 17, all)",1193,success
guru/refactor/rust-hamt-state-res,33235514274,2026-08-29T05:09:53Z,99056008707,"trial (3.13, sqlite, all)",463,success
guru/refactor/rust-hamt-state-res,33235514274,2026-08-29T05:09:53Z,99056008712,"sytest (bookworm, postgres)",925,success
guru/refactor/rust-hamt-state-res,33235514274,2026-08-29T05:09:53Z,99056008729,"trial (3.10, sqlite, all)",499,success
guru/refactor/rust-hamt-state-res,33235514274,2026-08-29T05:09:53Z,99056008731,"sytest (bookworm, multi-postgres, workers)",1137,success
guru/refactor/rust-hamt-state-res,33235514274,2026-08-29T05:09:53Z,99056008752,"sytest (bookworm, multi-postgres, workers, tikv)",1143,success
guru/refactor/rust-hamt-state-res,33235514274,2026-08-29T05:09:53Z,99056008774,"sytest (bookworm)",750,success
guru/refactor/rust-hamt-state-res,33235514274,2026-08-29T05:09:53Z,99056008789,"trial (3.10, tikv, all)",399,success
guru/refactor/rust-hamt-state-res,33235514274,2026-08-29T05:09:53Z,99056598827,"export-data",267,success
guru/refactor/rust-hamt-state-res,33235514274,2026-08-29T05:09:53Z,99058315043,"tests-done",4,failure
guru/refactor/rust-hamt-state-res,33236476802,2026-08-29T05:34:21Z,99058327299,"lint-crlf",6,success
guru/refactor/rust-hamt-state-res,33236476802,2026-08-29T05:34:21Z,99058327358,"check-lockfile",5,success
guru/refactor/rust-hamt-state-res,33236476802,2026-08-29T05:34:21Z,99058327415,"changes",5,success
guru/refactor/rust-hamt-state-res,33236476802,2026-08-29T05:34:21Z,99058327758,"lint-newsfile",0,skipped
guru/refactor/rust-hamt-state-res,33236476802,2026-08-29T05:34:21Z,99058339367,"check-sampleconfig",77,success
guru/refactor/rust-hamt-state-res,33236476802,2026-08-29T05:34:21Z,99058339368,"lint-clippy",29,success
guru/refactor/rust-hamt-state-res,33236476802,2026-08-29T05:34:21Z,99058339398,"lint",150,success
guru/refactor/rust-hamt-state-res,33236476802,2026-08-29T05:34:21Z,99058339399,"lint-clippy-nightly",23,success
guru/refactor/rust-hamt-state-res,33236476802,2026-08-29T05:34:21Z,99058339403,"lint-rust",67,success
guru/refactor/rust-hamt-state-res,33236476802,2026-08-29T05:34:21Z,99058339421,"check-schema-delta",19,success
guru/refactor/rust-hamt-state-res,33236476802,2026-08-29T05:34:21Z,99058339422,"lint-golangci",29,success
guru/refactor/rust-hamt-state-res,33236476802,2026-08-29T05:34:21Z,99058339424,"Typechecking",98,success
guru/refactor/rust-hamt-state-res,33236476802,2026-08-29T05:34:21Z,99058339467,"lint-rustfmt",18,success
guru/refactor/rust-hamt-state-res,33236476802,2026-08-29T05:34:21Z,99058340005,"lint-readme",-1,skipped
guru/refactor/rust-hamt-state-res,33236476802,2026-08-29T05:34:21Z,99058599207,"linting-done",5,success
guru/refactor/rust-hamt-state-res,33236476802,2026-08-29T05:34:21Z,99058611514,"cargo-test",42,success
guru/refactor/rust-hamt-state-res,33236476802,2026-08-29T05:34:21Z,99058611521,"portdb (3.13, 17)",336,success
guru/refactor/rust-hamt-state-res,33236476802,2026-08-29T05:34:21Z,99058611528,"calculate-test-jobs",5,success
guru/refactor/rust-hamt-state-res,33236476802,2026-08-29T05:34:21Z,99058611535,"trial-tikv",626,failure
guru/refactor/rust-hamt-state-res,33236476802,2026-08-29T05:34:21Z,99058611543,"portdb (3.10, 14)",343,success
guru/refactor/rust-hamt-state-res,33236476802,2026-08-29T05:34:21Z,99058611559,"cargo-bench",80,success
guru/refactor/rust-hamt-state-res,33236476802,2026-08-29T05:34:21Z,99058611564,"trial-olddeps",436,failure
guru/refactor/rust-hamt-state-res,33236476802,2026-08-29T05:34:21Z,99058611572,"complement / complement (workers, Postgres (hybrid, tikv))",1574,cancelled
guru/refactor/rust-hamt-state-res,33236476802,2026-08-29T05:34:21Z,99058611589,"complement / complement (monolith, Postgres)",1192,failure
guru/refactor/rust-hamt-state-res,33236476802,2026-08-29T05:34:21Z,99058611595,"complement / complement (hybrid, Postgres (hybrid, tikv))",982,failure
guru/refactor/rust-hamt-state-res,33236476802,2026-08-29T05:34:21Z,99058611606,"complement / complement (monolith, SQLite)",980,failure
guru/refactor/rust-hamt-state-res,33236476802,2026-08-29T05:34:21Z,99058611619,"complement / complement (workers, Postgres)",1575,cancelled
guru/refactor/rust-hamt-state-res,33236476802,2026-08-29T05:34:21Z,99058611622,"complement / complement (hybrid, SQLite (hybrid, tikv))",908,failure
guru/refactor/rust-hamt-state-res,33236476802,2026-08-29T05:34:21Z,99058611930,"trial-pypy",-1,skipped
guru/refactor/rust-hamt-state-res,33236476802,2026-08-29T05:34:21Z,99058623262,"trial (3.10, sqlite)",463,failure
guru/refactor/rust-hamt-state-res,33236476802,2026-08-29T05:34:21Z,99058623280,"trial (3.10, tikv, all)",490,cancelled
guru/refactor/rust-hamt-state-res,33236476802,2026-08-29T05:34:21Z,99058623281,"trial (3.10, sqlite, all)",485,cancelled
guru/refactor/rust-hamt-state-res,33236476802,2026-08-29T05:34:21Z,99058623282,"sytest (bookworm, multi-postgres, workers)",1144,failure
guru/refactor/rust-hamt-state-res,33236476802,2026-08-29T05:34:21Z,99058623283,"trial (3.13, sqlite, all)",462,failure
guru/refactor/rust-hamt-state-res,33236476802,2026-08-29T05:34:21Z,99058623289,"sytest (bookworm)",761,failure
guru/refactor/rust-hamt-state-res,33236476802,2026-08-29T05:34:21Z,99058623302,"sytest (bookworm, multi-postgres, workers, asyncio)",1223,failure
guru/refactor/rust-hamt-state-res,33236476802,2026-08-29T05:34:21Z,99058623307,"sytest (bookworm, multi-postgres, workers, tikv)",1214,failure
guru/refactor/rust-hamt-state-res,33236476802,2026-08-29T05:34:21Z,99058623310,"trial (3.13, postgres, 17, all)",480,cancelled
guru/refactor/rust-hamt-state-res,33236476802,2026-08-29T05:34:21Z,99058623324,"trial (3.10, postgres, 14, all)",480,cancelled
guru/refactor/rust-hamt-state-res,33236476802,2026-08-29T05:34:21Z,99058623347,"sytest (bookworm, postgres)",874,failure
guru/refactor/rust-hamt-state-res,33236476802,2026-08-29T05:34:21Z,99059167526,"export-data",266,success
guru/refactor/rust-hamt-state-res,33236476802,2026-08-29T05:34:21Z,99061211990,"tests-done",5,failure
guru/refactor/rust-hamt-state-res,33237589638,2026-08-29T06:04:04Z,99061224157,"check-lockfile",5,success
guru/refactor/rust-hamt-state-res,33237589638,2026-08-29T06:04:04Z,99061224183,"changes",5,success
guru/refactor/rust-hamt-state-res,33237589638,2026-08-29T06:04:04Z,99061224268,"lint-crlf",5,success
guru/refactor/rust-hamt-state-res,33237589638,2026-08-29T06:04:04Z,99061224376,"lint-newsfile",-1,skipped
guru/refactor/rust-hamt-state-res,33237589638,2026-08-29T06:04:04Z,99061238071,"check-schema-delta",20,success
guru/refactor/rust-hamt-state-res,33237589638,2026-08-29T06:04:04Z,99061238077,"check-sampleconfig",62,success
guru/refactor/rust-hamt-state-res,33237589638,2026-08-29T06:04:04Z,99061238085,"lint-clippy",27,success
guru/refactor/rust-hamt-state-res,33237589638,2026-08-29T06:04:04Z,99061238097,"lint",161,success
guru/refactor/rust-hamt-state-res,33237589638,2026-08-29T06:04:04Z,99061238099,"lint-rust",63,success
guru/refactor/rust-hamt-state-res,33237589638,2026-08-29T06:04:04Z,99061238101,"lint-clippy-nightly",27,success
guru/refactor/rust-hamt-state-res,33237589638,2026-08-29T06:04:04Z,99061238106,"lint-golangci",29,success
guru/refactor/rust-hamt-state-res,33237589638,2026-08-29T06:04:04Z,99061238138,"lint-rustfmt",18,success
guru/refactor/rust-hamt-state-res,33237589638,2026-08-29T06:04:04Z,99061238151,"Typechecking",85,success
guru/refactor/rust-hamt-state-res,33237589638,2026-08-29T06:04:04Z,99061238500,"lint-readme",0,skipped
guru/refactor/rust-hamt-state-res,33237589638,2026-08-29T06:04:04Z,99061525339,"linting-done",4,success
guru/refactor/rust-hamt-state-res,33237589638,2026-08-29T06:04:04Z,99061536761,"calculate-test-jobs",8,success
guru/refactor/rust-hamt-state-res,33237589638,2026-08-29T06:04:04Z,99061536764,"trial-tikv",556,success
guru/refactor/rust-hamt-state-res,33237589638,2026-08-29T06:04:04Z,99061536773,"portdb (3.13, 17)",328,success
guru/refactor/rust-hamt-state-res,33237589638,2026-08-29T06:04:04Z,99061536777,"trial-olddeps",308,success
guru/refactor/rust-hamt-state-res,33237589638,2026-08-29T06:04:04Z,99061536787,"cargo-test",46,success
guru/refactor/rust-hamt-state-res,33237589638,2026-08-29T06:04:04Z,99061536817,"portdb (3.10, 14)",318,success
guru/refactor/rust-hamt-state-res,33237589638,2026-08-29T06:04:04Z,99061536943,"cargo-bench",83,success
guru/refactor/rust-hamt-state-res,33237589638,2026-08-29T06:04:04Z,99061537063,"complement / complement (hybrid, SQLite (hybrid, tikv))",960,success
guru/refactor/rust-hamt-state-res,33237589638,2026-08-29T06:04:04Z,99061537064,"complement / complement (monolith, Postgres)",1119,success
guru/refactor/rust-hamt-state-res,33237589638,2026-08-29T06:04:04Z,99061537095,"complement / complement (workers, Postgres (hybrid, tikv))",1847,success
guru/refactor/rust-hamt-state-res,33237589638,2026-08-29T06:04:04Z,99061537103,"complement / complement (hybrid, Postgres (hybrid, tikv))",1149,success
guru/refactor/rust-hamt-state-res,33237589638,2026-08-29T06:04:04Z,99061537107,"complement / complement (workers, Postgres)",1627,success
guru/refactor/rust-hamt-state-res,33237589638,2026-08-29T06:04:04Z,99061537127,"complement / complement (monolith, SQLite)",983,success
guru/refactor/rust-hamt-state-res,33237589638,2026-08-29T06:04:04Z,99061537343,"trial-pypy",-1,skipped
guru/refactor/rust-hamt-state-res,33237589638,2026-08-29T06:04:04Z,99061555263,"sytest (bookworm, multi-postgres, workers, tikv)",1168,success
guru/refactor/rust-hamt-state-res,33237589638,2026-08-29T06:04:04Z,99061555273,"sytest (bookworm, multi-postgres, workers)",1162,success
guru/refactor/rust-hamt-state-res,33237589638,2026-08-29T06:04:04Z,99061555278,"trial (3.13, postgres, 17, all)",1152,success
guru/refactor/rust-hamt-state-res,33237589638,2026-08-29T06:04:04Z,99061555286,"sytest (bookworm)",741,success
guru/refactor/rust-hamt-state-res,33237589638,2026-08-29T06:04:04Z,99061555292,"trial (3.10, tikv, all)",574,success
guru/refactor/rust-hamt-state-res,33237589638,2026-08-29T06:04:04Z,99061555301,"trial (3.10, sqlite, all)",568,success
guru/refactor/rust-hamt-state-res,33237589638,2026-08-29T06:04:04Z,99061555302,"trial (3.13, sqlite, all)",462,success
guru/refactor/rust-hamt-state-res,33237589638,2026-08-29T06:04:04Z,99061555315,"trial (3.10, postgres, 14, all)",1290,success
guru/refactor/rust-hamt-state-res,33237589638,2026-08-29T06:04:04Z,99061555335,"trial (3.10, sqlite)",502,success
guru/refactor/rust-hamt-state-res,33237589638,2026-08-29T06:04:04Z,99061555336,"sytest (bookworm, multi-postgres, workers, asyncio)",1367,success
guru/refactor/rust-hamt-state-res,33237589638,2026-08-29T06:04:04Z,99061555352,"sytest (bookworm, postgres)",916,success
guru/refactor/rust-hamt-state-res,33237589638,2026-08-29T06:04:04Z,99062120902,"export-data",293,success
guru/refactor/rust-hamt-state-res,33237589638,2026-08-29T06:04:04Z,99064820798,"tests-done",5,success
guru/refactor/rust-hamt-state-res,33239801188,2026-08-29T07:00:18Z,99067074313,"check-lockfile",7,success
guru/refactor/rust-hamt-state-res,33239801188,2026-08-29T07:00:18Z,99067074387,"lint-crlf",6,success
guru/refactor/rust-hamt-state-res,33239801188,2026-08-29T07:00:18Z,99067074464,"changes",5,success
guru/refactor/rust-hamt-state-res,33239801188,2026-08-29T07:00:18Z,99067074794,"lint-newsfile",-1,skipped
guru/refactor/rust-hamt-state-res,33239801188,2026-08-29T07:00:18Z,99067088130,"lint",162,success
guru/refactor/rust-hamt-state-res,33239801188,2026-08-29T07:00:18Z,99067088141,"Typechecking",80,success
guru/refactor/rust-hamt-state-res,33239801188,2026-08-29T07:00:18Z,99067088142,"check-schema-delta",18,success
guru/refactor/rust-hamt-state-res,33239801188,2026-08-29T07:00:18Z,99067088144,"check-sampleconfig",72,success
guru/refactor/rust-hamt-state-res,33239801188,2026-08-29T07:00:18Z,99067088179,"lint-rustfmt",15,success
guru/refactor/rust-hamt-state-res,33239801188,2026-08-29T07:00:18Z,99067088207,"lint-clippy-nightly",20,success
guru/refactor/rust-hamt-state-res,33239801188,2026-08-29T07:00:18Z,99067088222,"lint-clippy",25,success
guru/refactor/rust-hamt-state-res,33239801188,2026-08-29T07:00:18Z,99067088245,"lint-golangci",28,success
guru/refactor/rust-hamt-state-res,33239801188,2026-08-29T07:00:18Z,99067088249,"lint-rust",72,success
guru/refactor/rust-hamt-state-res,33239801188,2026-08-29T07:00:18Z,99067088730,"lint-readme",-1,skipped
guru/refactor/rust-hamt-state-res,33239801188,2026-08-29T07:00:18Z,99067385482,"linting-done",2,success
guru/refactor/rust-hamt-state-res,33239801188,2026-08-29T07:00:18Z,99067391832,"trial-olddeps",451,success
guru/refactor/rust-hamt-state-res,33239801188,2026-08-29T07:00:18Z,99067391836,"cargo-test",37,success
guru/refactor/rust-hamt-state-res,33239801188,2026-08-29T07:00:18Z,99067391870,"portdb (3.13, 17)",341,success
guru/refactor/rust-hamt-state-res,33239801188,2026-08-29T07:00:18Z,99067391871,"trial-tikv",620,success
guru/refactor/rust-hamt-state-res,33239801188,2026-08-29T07:00:18Z,99067391889,"portdb (3.10, 14)",337,success
guru/refactor/rust-hamt-state-res,33239801188,2026-08-29T07:00:18Z,99067391902,"cargo-bench",85,success
guru/refactor/rust-hamt-state-res,33239801188,2026-08-29T07:00:18Z,99067391928,"calculate-test-jobs",7,success
guru/refactor/rust-hamt-state-res,33239801188,2026-08-29T07:00:18Z,99067391937,"complement / complement (monolith, Postgres)",1077,success
guru/refactor/rust-hamt-state-res,33239801188,2026-08-29T07:00:18Z,99067391942,"complement / complement (workers, Postgres)",1762,failure
guru/refactor/rust-hamt-state-res,33239801188,2026-08-29T07:00:18Z,99067391951,"complement / complement (hybrid, Postgres (hybrid, tikv))",1114,success
guru/refactor/rust-hamt-state-res,33239801188,2026-08-29T07:00:18Z,99067391968,"complement / complement (workers, Postgres (hybrid, tikv))",1860,failure
guru/refactor/rust-hamt-state-res,33239801188,2026-08-29T07:00:18Z,99067391993,"complement / complement (hybrid, SQLite (hybrid, tikv))",1039,success
guru/refactor/rust-hamt-state-res,33239801188,2026-08-29T07:00:18Z,99067392033,"complement / complement (monolith, SQLite)",1038,success
guru/refactor/rust-hamt-state-res,33239801188,2026-08-29T07:00:18Z,99067392416,"trial-pypy",0,skipped
guru/refactor/rust-hamt-state-res,33239801188,2026-08-29T07:00:18Z,99067408953,"sytest (bookworm, postgres)",852,success
guru/refactor/rust-hamt-state-res,33239801188,2026-08-29T07:00:18Z,99067408959,"sytest (bookworm, multi-postgres, workers, tikv)",1242,success
guru/refactor/rust-hamt-state-res,33239801188,2026-08-29T07:00:18Z,99067408973,"sytest (bookworm)",803,success
guru/refactor/rust-hamt-state-res,33239801188,2026-08-29T07:00:18Z,99067408976,"sytest (bookworm, multi-postgres, workers, asyncio)",1175,success
guru/refactor/rust-hamt-state-res,33239801188,2026-08-29T07:00:18Z,99067408981,"trial (3.13, postgres, 17, all)",1238,success
guru/refactor/rust-hamt-state-res,33239801188,2026-08-29T07:00:18Z,99067408982,"sytest (bookworm, multi-postgres, workers)",1129,success
guru/refactor/rust-hamt-state-res,33239801188,2026-08-29T07:00:18Z,99067408984,"trial (3.10, tikv, all)",653,success
guru/refactor/rust-hamt-state-res,33239801188,2026-08-29T07:00:18Z,99067408986,"trial (3.13, sqlite, all)",464,success
guru/refactor/rust-hamt-state-res,33239801188,2026-08-29T07:00:18Z,99067408998,"trial (3.10, sqlite)",509,success
guru/refactor/rust-hamt-state-res,33239801188,2026-08-29T07:00:18Z,99067409005,"trial (3.10, postgres, 14, all)",1302,success
guru/refactor/rust-hamt-state-res,33239801188,2026-08-29T07:00:18Z,99067409012,"trial (3.10, sqlite, all)",566,success
guru/refactor/rust-hamt-state-res,33239801188,2026-08-29T07:00:18Z,99067993837,"export-data",282,success
guru/refactor/rust-hamt-state-res,33239801188,2026-08-29T07:00:18Z,99070603073,"tests-done",3,failure
guru/refactor/rust-hamt-state-res,33241748321,2026-08-29T07:50:02Z,99072165628,"check-lockfile",7,success
guru/refactor/rust-hamt-state-res,33241748321,2026-08-29T07:50:02Z,99072165661,"changes",4,success
guru/refactor/rust-hamt-state-res,33241748321,2026-08-29T07:50:02Z,99072165714,"lint-crlf",5,success
guru/refactor/rust-hamt-state-res,33241748321,2026-08-29T07:50:02Z,99072166106,"lint-newsfile",-1,skipped
guru/refactor/rust-hamt-state-res,33241748321,2026-08-29T07:50:02Z,99072176970,"lint",152,success
guru/refactor/rust-hamt-state-res,33241748321,2026-08-29T07:50:02Z,99072176971,"check-sampleconfig",89,success
guru/refactor/rust-hamt-state-res,33241748321,2026-08-29T07:50:02Z,99072176984,"check-schema-delta",16,success
guru/refactor/rust-hamt-state-res,33241748321,2026-08-29T07:50:02Z,99072176990,"lint-clippy",27,success
guru/refactor/rust-hamt-state-res,33241748321,2026-08-29T07:50:02Z,99072176994,"lint-golangci",26,success
guru/refactor/rust-hamt-state-res,33241748321,2026-08-29T07:50:02Z,99072176995,"lint-rust",67,success
guru/refactor/rust-hamt-state-res,33241748321,2026-08-29T07:50:02Z,99072177029,"Typechecking",85,success
guru/refactor/rust-hamt-state-res,33241748321,2026-08-29T07:50:02Z,99072177044,"lint-rustfmt",20,success
guru/refactor/rust-hamt-state-res,33241748321,2026-08-29T07:50:02Z,99072177049,"lint-clippy-nightly",23,success
guru/refactor/rust-hamt-state-res,33241748321,2026-08-29T07:50:02Z,99072177396,"lint-readme",-1,skipped
guru/refactor/rust-hamt-state-res,33241748321,2026-08-29T07:50:02Z,99072420890,"linting-done",5,success
guru/refactor/rust-hamt-state-res,33241748321,2026-08-29T07:50:02Z,99072433339,"portdb (3.10, 14)",297,success
guru/refactor/rust-hamt-state-res,33241748321,2026-08-29T07:50:02Z,99072433344,"trial-olddeps",581,success
guru/refactor/rust-hamt-state-res,33241748321,2026-08-29T07:50:02Z,99072433374,"portdb (3.13, 17)",352,success
guru/refactor/rust-hamt-state-res,33241748321,2026-08-29T07:50:02Z,99072433392,"calculate-test-jobs",7,success
guru/refactor/rust-hamt-state-res,33241748321,2026-08-29T07:50:02Z,99072433396,"cargo-bench",84,success
guru/refactor/rust-hamt-state-res,33241748321,2026-08-29T07:50:02Z,99072433399,"cargo-test",47,success
guru/refactor/rust-hamt-state-res,33241748321,2026-08-29T07:50:02Z,99072433412,"complement / complement (hybrid, Postgres (hybrid, tikv))",1139,success
guru/refactor/rust-hamt-state-res,33241748321,2026-08-29T07:50:02Z,99072433417,"complement / complement (workers, Postgres (hybrid, tikv))",1755,failure
guru/refactor/rust-hamt-state-res,33241748321,2026-08-29T07:50:02Z,99072433423,"complement / complement (monolith, SQLite)",947,success
guru/refactor/rust-hamt-state-res,33241748321,2026-08-29T07:50:02Z,99072433426,"complement / complement (hybrid, SQLite (hybrid, tikv))",910,success
guru/refactor/rust-hamt-state-res,33241748321,2026-08-29T07:50:02Z,99072433428,"complement / complement (workers, Postgres)",1787,success
guru/refactor/rust-hamt-state-res,33241748321,2026-08-29T07:50:02Z,99072433438,"complement / complement (monolith, Postgres)",1070,success
guru/refactor/rust-hamt-state-res,33241748321,2026-08-29T07:50:02Z,99072433475,"trial-tikv",622,success
guru/refactor/rust-hamt-state-res,33241748321,2026-08-29T07:50:02Z,99072433788,"trial-pypy",0,skipped
guru/refactor/rust-hamt-state-res,33241748321,2026-08-29T07:50:02Z,99072446513,"trial (3.10, tikv, all)",697,success
guru/refactor/rust-hamt-state-res,33241748321,2026-08-29T07:50:02Z,99072446530,"trial (3.10, postgres, 14, all)",1262,success
guru/refactor/rust-hamt-state-res,33241748321,2026-08-29T07:50:02Z,99072446546,"sytest (bookworm, multi-postgres, workers, asyncio)",1172,success
guru/refactor/rust-hamt-state-res,33241748321,2026-08-29T07:50:02Z,99072446560,"trial (3.10, sqlite, all)",558,success
guru/refactor/rust-hamt-state-res,33241748321,2026-08-29T07:50:02Z,99072446571,"trial (3.10, sqlite)",517,success
guru/refactor/rust-hamt-state-res,33241748321,2026-08-29T07:50:02Z,99072446577,"trial (3.13, sqlite, all)",522,success
guru/refactor/rust-hamt-state-res,33241748321,2026-08-29T07:50:02Z,99072446579,"sytest (bookworm)",721,success
guru/refactor/rust-hamt-state-res,33241748321,2026-08-29T07:50:02Z,99072446581,"sytest (bookworm, multi-postgres, workers)",1200,success
guru/refactor/rust-hamt-state-res,33241748321,2026-08-29T07:50:02Z,99072446592,"trial (3.13, postgres, 17, all)",1251,success
guru/refactor/rust-hamt-state-res,33241748321,2026-08-29T07:50:02Z,99072446635,"sytest (bookworm, multi-postgres, workers, tikv)",1206,success
guru/refactor/rust-hamt-state-res,33241748321,2026-08-29T07:50:02Z,99072446711,"sytest (bookworm, postgres)",545,success
guru/refactor/rust-hamt-state-res,33241748321,2026-08-29T07:50:02Z,99072971849,"export-data",287,success
guru/refactor/rust-hamt-state-res,33241748321,2026-08-29T07:50:02Z,99075432582,"tests-done",2,failure
guru/refactor/rust-hamt-state-res,33245149765,2026-08-29T09:17:39Z,99081229378,"changes",5,success
guru/refactor/rust-hamt-state-res,33245149765,2026-08-29T09:17:39Z,99081229457,"check-lockfile",5,success
guru/refactor/rust-hamt-state-res,33245149765,2026-08-29T09:17:39Z,99081229482,"lint-crlf",7,success
guru/refactor/rust-hamt-state-res,33245149765,2026-08-29T09:17:39Z,99081229848,"lint-newsfile",-1,skipped
guru/refactor/rust-hamt-state-res,33245149765,2026-08-29T09:17:39Z,99081241215,"Typechecking",95,success
guru/refactor/rust-hamt-state-res,33245149765,2026-08-29T09:17:39Z,99081241241,"lint-rust",70,success
guru/refactor/rust-hamt-state-res,33245149765,2026-08-29T09:17:39Z,99081241248,"lint-clippy",27,success
guru/refactor/rust-hamt-state-res,33245149765,2026-08-29T09:17:39Z,99081241253,"check-sampleconfig",66,success
guru/refactor/rust-hamt-state-res,33245149765,2026-08-29T09:17:39Z,99081241263,"check-schema-delta",22,success
guru/refactor/rust-hamt-state-res,33245149765,2026-08-29T09:17:39Z,99081241265,"lint-golangci",30,success
guru/refactor/rust-hamt-state-res,33245149765,2026-08-29T09:17:39Z,99081241272,"lint-rustfmt",20,success
guru/refactor/rust-hamt-state-res,33245149765,2026-08-29T09:17:39Z,99081241284,"lint",166,success
guru/refactor/rust-hamt-state-res,33245149765,2026-08-29T09:17:39Z,99081241367,"lint-clippy-nightly",24,success
guru/refactor/rust-hamt-state-res,33245149765,2026-08-29T09:17:39Z,99081241808,"lint-readme",0,skipped
guru/refactor/rust-hamt-state-res,33245149765,2026-08-29T09:17:39Z,99081529213,"linting-done",5,success
guru/refactor/rust-hamt-state-res,33245149765,2026-08-29T09:17:39Z,99081543905,"cargo-bench",92,success
guru/refactor/rust-hamt-state-res,33245149765,2026-08-29T09:17:39Z,99081543907,"calculate-test-jobs",5,success
guru/refactor/rust-hamt-state-res,33245149765,2026-08-29T09:17:39Z,99081543908,"portdb (3.10, 14)",353,success
guru/refactor/rust-hamt-state-res,33245149765,2026-08-29T09:17:39Z,99081543945,"trial-tikv",488,success
guru/refactor/rust-hamt-state-res,33245149765,2026-08-29T09:17:39Z,99081543956,"trial-olddeps",526,success
guru/refactor/rust-hamt-state-res,33245149765,2026-08-29T09:17:39Z,99081543961,"complement / complement (hybrid, Postgres (hybrid, tikv))",1137,success
guru/refactor/rust-hamt-state-res,33245149765,2026-08-29T09:17:39Z,99081543966,"complement / complement (workers, Postgres (hybrid, tikv))",1915,success
guru/refactor/rust-hamt-state-res,33245149765,2026-08-29T09:17:39Z,99081543985,"complement / complement (hybrid, SQLite (hybrid, tikv))",1010,success
guru/refactor/rust-hamt-state-res,33245149765,2026-08-29T09:17:39Z,99081543987,"portdb (3.13, 17)",340,success
guru/refactor/rust-hamt-state-res,33245149765,2026-08-29T09:17:39Z,99081543993,"cargo-test",38,success
guru/refactor/rust-hamt-state-res,33245149765,2026-08-29T09:17:39Z,99081543998,"complement / complement (monolith, Postgres)",939,success
guru/refactor/rust-hamt-state-res,33245149765,2026-08-29T09:17:39Z,99081544019,"complement / complement (monolith, SQLite)",983,success
guru/refactor/rust-hamt-state-res,33245149765,2026-08-29T09:17:39Z,99081544040,"complement / complement (workers, Postgres)",1813,success
guru/refactor/rust-hamt-state-res,33245149765,2026-08-29T09:17:39Z,99081544524,"trial-pypy",0,skipped
guru/refactor/rust-hamt-state-res,33245149765,2026-08-29T09:17:39Z,99081557236,"trial (3.10, tikv, all)",564,success
guru/refactor/rust-hamt-state-res,33245149765,2026-08-29T09:17:39Z,99081557237,"sytest (bookworm, postgres)",528,success
guru/refactor/rust-hamt-state-res,33245149765,2026-08-29T09:17:39Z,99081557238,"sytest (bookworm, multi-postgres, workers)",1013,success
guru/refactor/rust-hamt-state-res,33245149765,2026-08-29T09:17:39Z,99081557240,"sytest (bookworm, multi-postgres, workers, tikv)",970,success
guru/refactor/rust-hamt-state-res,33245149765,2026-08-29T09:17:39Z,99081557255,"trial (3.10, sqlite)",497,success
guru/refactor/rust-hamt-state-res,33245149765,2026-08-29T09:17:39Z,99081557257,"sytest (bookworm)",742,success
guru/refactor/rust-hamt-state-res,33245149765,2026-08-29T09:17:39Z,99081557260,"trial (3.10, sqlite, all)",398,success
guru/refactor/rust-hamt-state-res,33245149765,2026-08-29T09:17:39Z,99081557261,"sytest (bookworm, multi-postgres, workers, asyncio)",1243,success
guru/refactor/rust-hamt-state-res,33245149765,2026-08-29T09:17:39Z,99081557262,"trial (3.10, postgres, 14, all)",1103,success
guru/refactor/rust-hamt-state-res,33245149765,2026-08-29T09:17:39Z,99081557277,"trial (3.13, sqlite, all)",466,success
guru/refactor/rust-hamt-state-res,33245149765,2026-08-29T09:17:39Z,99081557280,"trial (3.13, postgres, 17, all)",1167,success
guru/refactor/rust-hamt-state-res,33245149765,2026-08-29T09:17:39Z,99082137216,"export-data",305,success
guru/refactor/rust-hamt-state-res,33245149765,2026-08-29T09:17:39Z,99084777457,"tests-done",2,success
guru/refactor/rust-hamt-state-res,33272277059,2026-08-29T19:59:17Z,99152827383,"changes",3,success
guru/refactor/rust-hamt-state-res,33272277059,2026-08-29T19:59:17Z,99152827483,"check-lockfile",8,success
guru/refactor/rust-hamt-state-res,33272277059,2026-08-29T19:59:17Z,99152827520,"lint-crlf",7,success
guru/refactor/rust-hamt-state-res,33272277059,2026-08-29T19:59:17Z,99152827830,"lint-newsfile",-1,skipped
guru/refactor/rust-hamt-state-res,33272277059,2026-08-29T19:59:17Z,99152836230,"lint",163,success
guru/refactor/rust-hamt-state-res,33272277059,2026-08-29T19:59:17Z,99152836239,"lint-clippy",27,success
guru/refactor/rust-hamt-state-res,33272277059,2026-08-29T19:59:17Z,99152836242,"Typechecking",92,success
guru/refactor/rust-hamt-state-res,33272277059,2026-08-29T19:59:17Z,99152836259,"lint-golangci",29,success
guru/refactor/rust-hamt-state-res,33272277059,2026-08-29T19:59:17Z,99152836265,"lint-rustfmt",22,success
guru/refactor/rust-hamt-state-res,33272277059,2026-08-29T19:59:17Z,99152836278,"check-schema-delta",21,success
guru/refactor/rust-hamt-state-res,33272277059,2026-08-29T19:59:17Z,99152836282,"lint-clippy-nightly",25,success
guru/refactor/rust-hamt-state-res,33272277059,2026-08-29T19:59:17Z,99152836291,"check-sampleconfig",69,success
guru/refactor/rust-hamt-state-res,33272277059,2026-08-29T19:59:17Z,99152836309,"lint-rust",62,success
guru/refactor/rust-hamt-state-res,33272277059,2026-08-29T19:59:17Z,99152836770,"lint-readme",0,skipped
guru/refactor/rust-hamt-state-res,33272277059,2026-08-29T19:59:17Z,99153167952,"linting-done",4,success
guru/refactor/rust-hamt-state-res,33272277059,2026-08-29T19:59:17Z,99153179398,"trial-olddeps",552,success
guru/refactor/rust-hamt-state-res,33272277059,2026-08-29T19:59:17Z,99153179411,"portdb (3.10, 14)",330,success
guru/refactor/rust-hamt-state-res,33272277059,2026-08-29T19:59:17Z,99153179418,"cargo-bench",81,success
guru/refactor/rust-hamt-state-res,33272277059,2026-08-29T19:59:17Z,99153179424,"trial-tikv",614,success
guru/refactor/rust-hamt-state-res,33272277059,2026-08-29T19:59:17Z,99153179425,"cargo-test",39,success
guru/refactor/rust-hamt-state-res,33272277059,2026-08-29T19:59:17Z,99153179428,"calculate-test-jobs",8,success
guru/refactor/rust-hamt-state-res,33272277059,2026-08-29T19:59:17Z,99153179438,"portdb (3.13, 17)",328,success
guru/refactor/rust-hamt-state-res,33272277059,2026-08-29T19:59:17Z,99153179548,"complement / complement (hybrid, Postgres (hybrid, tikv))",1108,success
guru/refactor/rust-hamt-state-res,33272277059,2026-08-29T19:59:17Z,99153179559,"complement / complement (monolith, SQLite)",995,success
guru/refactor/rust-hamt-state-res,33272277059,2026-08-29T19:59:17Z,99153179566,"complement / complement (workers, Postgres)",1776,success
guru/refactor/rust-hamt-state-res,33272277059,2026-08-29T19:59:17Z,99153179569,"complement / complement (hybrid, SQLite (hybrid, tikv))",1022,success
guru/refactor/rust-hamt-state-res,33272277059,2026-08-29T19:59:17Z,99153179590,"complement / complement (monolith, Postgres)",1073,success
guru/refactor/rust-hamt-state-res,33272277059,2026-08-29T19:59:17Z,99153179599,"complement / complement (workers, Postgres (hybrid, tikv))",1783,success
guru/refactor/rust-hamt-state-res,33272277059,2026-08-29T19:59:17Z,99153180038,"trial-pypy",-1,skipped
guru/refactor/rust-hamt-state-res,33272277059,2026-08-29T19:59:17Z,99153200573,"sytest (bookworm, postgres)",845,success
guru/refactor/rust-hamt-state-res,33272277059,2026-08-29T19:59:17Z,99153200595,"trial (3.13, sqlite, all)",470,success
guru/refactor/rust-hamt-state-res,33272277059,2026-08-29T19:59:17Z,99153200599,"sytest (bookworm, multi-postgres, workers, tikv)",1088,success
guru/refactor/rust-hamt-state-res,33272277059,2026-08-29T19:59:17Z,99153200610,"trial (3.13, postgres, 17, all)",1236,success
guru/refactor/rust-hamt-state-res,33272277059,2026-08-29T19:59:17Z,99153200612,"trial (3.10, sqlite)",537,success
guru/refactor/rust-hamt-state-res,33272277059,2026-08-29T19:59:17Z,99153200615,"sytest (bookworm, multi-postgres, workers, asyncio)",980,success
guru/refactor/rust-hamt-state-res,33272277059,2026-08-29T19:59:17Z,99153200616,"sytest (bookworm)",733,success
guru/refactor/rust-hamt-state-res,33272277059,2026-08-29T19:59:17Z,99153200620,"trial (3.10, tikv, all)",715,success
guru/refactor/rust-hamt-state-res,33272277059,2026-08-29T19:59:17Z,99153200624,"trial (3.10, postgres, 14, all)",1241,success
guru/refactor/rust-hamt-state-res,33272277059,2026-08-29T19:59:17Z,99153200625,"trial (3.10, sqlite, all)",565,success
guru/refactor/rust-hamt-state-res,33272277059,2026-08-29T19:59:17Z,99153200663,"sytest (bookworm, multi-postgres, workers)",1154,success
guru/refactor/rust-hamt-state-res,33272277059,2026-08-29T19:59:17Z,99153834253,"export-data",282,success
guru/refactor/rust-hamt-state-res,33272277059,2026-08-29T19:59:17Z,99156709060,"tests-done",4,success
guru/refactor/rust-hamt-state-res,33287220124,2026-08-30T02:07:08Z,99192397259,"lint-crlf",7,success
guru/refactor/rust-hamt-state-res,33287220124,2026-08-30T02:07:08Z,99192397491,"changes",4,success
guru/refactor/rust-hamt-state-res,33287220124,2026-08-30T02:07:08Z,99192397544,"check-lockfile",6,success
guru/refactor/rust-hamt-state-res,33287220124,2026-08-30T02:07:08Z,99192397857,"lint-newsfile",-1,skipped
guru/refactor/rust-hamt-state-res,33287220124,2026-08-30T02:07:08Z,99192408394,"lint-clippy",28,success
guru/refactor/rust-hamt-state-res,33287220124,2026-08-30T02:07:08Z,99192408398,"lint-clippy-nightly",27,success
guru/refactor/rust-hamt-state-res,33287220124,2026-08-30T02:07:08Z,99192408407,"lint",166,success
guru/refactor/rust-hamt-state-res,33287220124,2026-08-30T02:07:08Z,99192408418,"lint-rustfmt",24,success
guru/refactor/rust-hamt-state-res,33287220124,2026-08-30T02:07:08Z,99192408428,"check-schema-delta",21,success
guru/refactor/rust-hamt-state-res,33287220124,2026-08-30T02:07:08Z,99192408436,"Typechecking",87,success
guru/refactor/rust-hamt-state-res,33287220124,2026-08-30T02:07:08Z,99192408459,"lint-rust",64,success
guru/refactor/rust-hamt-state-res,33287220124,2026-08-30T02:07:08Z,99192408491,"check-sampleconfig",65,success
guru/refactor/rust-hamt-state-res,33287220124,2026-08-30T02:07:08Z,99192408823,"lint-golangci",0,skipped
guru/refactor/rust-hamt-state-res,33287220124,2026-08-30T02:07:08Z,99192408911,"lint-readme",0,skipped
guru/refactor/rust-hamt-state-res,33287220124,2026-08-30T02:07:08Z,99192712299,"linting-done",4,success
guru/refactor/rust-hamt-state-res,33287220124,2026-08-30T02:07:08Z,99192728755,"trial-olddeps",395,success
guru/refactor/rust-hamt-state-res,33287220124,2026-08-30T02:07:08Z,99192728770,"cargo-bench",88,success
guru/refactor/rust-hamt-state-res,33287220124,2026-08-30T02:07:08Z,99192728777,"calculate-test-jobs",6,success
guru/refactor/rust-hamt-state-res,33287220124,2026-08-30T02:07:08Z,99192728781,"portdb (3.13, 17)",328,success
guru/refactor/rust-hamt-state-res,33287220124,2026-08-30T02:07:08Z,99192728796,"cargo-test",45,success
guru/refactor/rust-hamt-state-res,33287220124,2026-08-30T02:07:08Z,99192728807,"trial-tikv",716,success
guru/refactor/rust-hamt-state-res,33287220124,2026-08-30T02:07:08Z,99192728938,"complement / complement (hybrid, Postgres (hybrid, tikv))",1106,success
guru/refactor/rust-hamt-state-res,33287220124,2026-08-30T02:07:08Z,99192728950,"complement / complement (hybrid, SQLite (hybrid, tikv))",1318,success
guru/refactor/rust-hamt-state-res,33287220124,2026-08-30T02:07:08Z,99192728964,"complement / complement (workers, Postgres (hybrid, tikv))",1850,success
guru/refactor/rust-hamt-state-res,33287220124,2026-08-30T02:07:08Z,99192728969,"complement / complement (workers, Postgres)",1810,success
guru/refactor/rust-hamt-state-res,33287220124,2026-08-30T02:07:08Z,99192728976,"complement / complement (monolith, SQLite)",964,success
guru/refactor/rust-hamt-state-res,33287220124,2026-08-30T02:07:08Z,99192729058,"complement / complement (monolith, Postgres)",971,success
guru/refactor/rust-hamt-state-res,33287220124,2026-08-30T02:07:08Z,99192729175,"portdb (3.10, 14)",349,success
guru/refactor/rust-hamt-state-res,33287220124,2026-08-30T02:07:08Z,99192729300,"trial-pypy",0,skipped
guru/refactor/rust-hamt-state-res,33287220124,2026-08-30T02:07:08Z,99192744098,"sytest (bookworm, postgres)",860,success
guru/refactor/rust-hamt-state-res,33287220124,2026-08-30T02:07:08Z,99192744120,"sytest (bookworm, multi-postgres, workers, asyncio)",1153,success
guru/refactor/rust-hamt-state-res,33287220124,2026-08-30T02:07:08Z,99192744139,"sytest (bookworm, multi-postgres, workers)",1138,success
guru/refactor/rust-hamt-state-res,33287220124,2026-08-30T02:07:08Z,99192744140,"sytest (bookworm, multi-postgres, workers, tikv)",1223,success
guru/refactor/rust-hamt-state-res,33287220124,2026-08-30T02:07:08Z,99192744154,"sytest (bookworm)",561,success
guru/refactor/rust-hamt-state-res,33287220124,2026-08-30T02:07:08Z,99192744193,"trial (3.10, postgres, 14, all)",1269,success
guru/refactor/rust-hamt-state-res,33287220124,2026-08-30T02:07:08Z,99192744211,"trial (3.10, tikv, all)",641,success
guru/refactor/rust-hamt-state-res,33287220124,2026-08-30T02:07:08Z,99192744213,"trial (3.13, postgres, 17, all)",1256,success
guru/refactor/rust-hamt-state-res,33287220124,2026-08-30T02:07:08Z,99192744216,"trial (3.10, sqlite)",454,success
guru/refactor/rust-hamt-state-res,33287220124,2026-08-30T02:07:08Z,99192744218,"trial (3.10, sqlite, all)",543,success
guru/refactor/rust-hamt-state-res,33287220124,2026-08-30T02:07:08Z,99192744235,"trial (3.13, sqlite, all)",343,success
guru/refactor/rust-hamt-state-res,33287220124,2026-08-30T02:07:08Z,99193371648,"export-data",273,success
guru/refactor/rust-hamt-state-res,33287220124,2026-08-30T02:07:08Z,99196015778,"tests-done",4,success
guru/refactor/rust-hamt-state-res,33288942600,2026-08-30T02:51:21Z,99197033850,"lint-crlf",6,success
guru/refactor/rust-hamt-state-res,33288942600,2026-08-30T02:51:21Z,99197033928,"check-lockfile",7,success
guru/refactor/rust-hamt-state-res,33288942600,2026-08-30T02:51:21Z,99197033934,"changes",3,success
guru/refactor/rust-hamt-state-res,33288942600,2026-08-30T02:51:21Z,99197034283,"lint-newsfile",0,skipped
guru/refactor/rust-hamt-state-res,33288942600,2026-08-30T02:51:21Z,99197042766,"lint-rustfmt",18,success
guru/refactor/rust-hamt-state-res,33288942600,2026-08-30T02:51:21Z,99197042784,"lint-clippy-nightly",24,success
guru/refactor/rust-hamt-state-res,33288942600,2026-08-30T02:51:21Z,99197042807,"lint-rust",57,success
guru/refactor/rust-hamt-state-res,33288942600,2026-08-30T02:51:21Z,99197042809,"lint",136,success
guru/refactor/rust-hamt-state-res,33288942600,2026-08-30T02:51:21Z,99197042827,"Typechecking",93,success
guru/refactor/rust-hamt-state-res,33288942600,2026-08-30T02:51:21Z,99197042890,"check-sampleconfig",63,success
guru/refactor/rust-hamt-state-res,33288942600,2026-08-30T02:51:21Z,99197042902,"lint-clippy",20,success
guru/refactor/rust-hamt-state-res,33288942600,2026-08-30T02:51:21Z,99197042917,"check-schema-delta",21,success
guru/refactor/rust-hamt-state-res,33288942600,2026-08-30T02:51:21Z,99197043310,"lint-readme",0,skipped
guru/refactor/rust-hamt-state-res,33288942600,2026-08-30T02:51:21Z,99197043434,"lint-golangci",0,skipped
guru/refactor/rust-hamt-state-res,33288942600,2026-08-30T02:51:21Z,99197271589,"linting-done",2,success
guru/refactor/rust-hamt-state-res,33288942600,2026-08-30T02:51:21Z,99197278445,"cargo-test",39,success
guru/refactor/rust-hamt-state-res,33288942600,2026-08-30T02:51:21Z,99197278451,"trial-olddeps",547,failure
guru/refactor/rust-hamt-state-res,33288942600,2026-08-30T02:51:21Z,99197278465,"trial-tikv",445,failure
guru/refactor/rust-hamt-state-res,33288942600,2026-08-30T02:51:21Z,99197278478,"cargo-bench",87,success
guru/refactor/rust-hamt-state-res,33288942600,2026-08-30T02:51:21Z,99197278506,"calculate-test-jobs",6,success
guru/refactor/rust-hamt-state-res,33288942600,2026-08-30T02:51:21Z,99197278532,"complement / complement (monolith, SQLite)",996,success
guru/refactor/rust-hamt-state-res,33288942600,2026-08-30T02:51:21Z,99197278543,"complement / complement (workers, Postgres (hybrid, tikv))",1798,success
guru/refactor/rust-hamt-state-res,33288942600,2026-08-30T02:51:21Z,99197278557,"complement / complement (workers, Postgres)",1792,success
guru/refactor/rust-hamt-state-res,33288942600,2026-08-30T02:51:21Z,99197278564,"complement / complement (monolith, Postgres)",1053,success
guru/refactor/rust-hamt-state-res,33288942600,2026-08-30T02:51:21Z,99197278579,"complement / complement (hybrid, Postgres (hybrid, tikv))",1131,success
guru/refactor/rust-hamt-state-res,33288942600,2026-08-30T02:51:21Z,99197278602,"complement / complement (hybrid, SQLite (hybrid, tikv))",1023,success
guru/refactor/rust-hamt-state-res,33288942600,2026-08-30T02:51:21Z,99197279138,"trial-pypy",-1,skipped
guru/refactor/rust-hamt-state-res,33288942600,2026-08-30T02:51:21Z,99197290677,"trial (3.10, sqlite, all)",447,cancelled
guru/refactor/rust-hamt-state-res,33288942600,2026-08-30T02:51:21Z,99197290680,"trial (3.10, postgres, 14, all)",439,cancelled
guru/refactor/rust-hamt-state-res,33288942600,2026-08-30T02:51:21Z,99197290684,"trial (3.13, sqlite, all)",425,failure
guru/refactor/rust-hamt-state-res,33288942600,2026-08-30T02:51:21Z,99197290687,"sytest (bookworm, multi-postgres, workers, tikv)",1271,success
guru/refactor/rust-hamt-state-res,33288942600,2026-08-30T02:51:21Z,99197290724,"trial (3.10, sqlite)",446,cancelled
guru/refactor/rust-hamt-state-res,33288942600,2026-08-30T02:51:21Z,99197290730,"sytest (bookworm, multi-postgres, workers)",1140,success
guru/refactor/rust-hamt-state-res,33288942600,2026-08-30T02:51:21Z,99197290732,"trial (3.13, postgres, 17, all)",441,cancelled
guru/refactor/rust-hamt-state-res,33288942600,2026-08-30T02:51:21Z,99197290738,"sytest (bookworm)",755,success
guru/refactor/rust-hamt-state-res,33288942600,2026-08-30T02:51:21Z,99197290756,"sytest (bookworm, postgres)",692,success
guru/refactor/rust-hamt-state-res,33288942600,2026-08-30T02:51:21Z,99197290771,"trial (3.10, tikv, all)",444,cancelled
guru/refactor/rust-hamt-state-res,33288942600,2026-08-30T02:51:21Z,99197290780,"sytest (bookworm, multi-postgres, workers, asyncio)",1198,success
guru/refactor/rust-hamt-state-res,33375510107,2026-08-31T09:00:00Z,99436106561,"lint-crlf",6,success
guru/refactor/rust-hamt-state-res,33375510107,2026-08-31T09:00:00Z,99436106648,"changes",3,success
guru/refactor/rust-hamt-state-res,33375510107,2026-08-31T09:00:00Z,99436106662,"check-lockfile",9,success
guru/refactor/rust-hamt-state-res,33375510107,2026-08-31T09:00:00Z,99436107885,"lint-newsfile",-1,skipped
guru/refactor/rust-hamt-state-res,33375510107,2026-08-31T09:00:00Z,99436131664,"Typechecking",93,success
guru/refactor/rust-hamt-state-res,33375510107,2026-08-31T09:00:00Z,99436131677,"lint-golangci",23,success
guru/refactor/rust-hamt-state-res,33375510107,2026-08-31T09:00:00Z,99436131685,"check-sampleconfig",73,success
guru/refactor/rust-hamt-state-res,33375510107,2026-08-31T09:00:00Z,99436131736,"lint-rust",72,success
guru/refactor/rust-hamt-state-res,33375510107,2026-08-31T09:00:00Z,99436131752,"lint-clippy-nightly",21,success
guru/refactor/rust-hamt-state-res,33375510107,2026-08-31T09:00:00Z,99436131756,"check-schema-delta",19,success
guru/refactor/rust-hamt-state-res,33375510107,2026-08-31T09:00:00Z,99436131780,"lint",160,success
guru/refactor/rust-hamt-state-res,33375510107,2026-08-31T09:00:00Z,99436131806,"lint-clippy",25,success
guru/refactor/rust-hamt-state-res,33375510107,2026-08-31T09:00:00Z,99436131818,"lint-rustfmt",19,success
guru/refactor/rust-hamt-state-res,33375510107,2026-08-31T09:00:00Z,99436133375,"lint-readme",-1,skipped
guru/refactor/rust-hamt-state-res,33375510107,2026-08-31T09:00:00Z,99436805893,"linting-done",4,success
guru/refactor/rust-hamt-state-res,33375510107,2026-08-31T09:00:00Z,99436837117,"cargo-test",44,success
guru/refactor/rust-hamt-state-res,33375510107,2026-08-31T09:00:00Z,99436837135,"trial-tikv",619,success
guru/refactor/rust-hamt-state-res,33375510107,2026-08-31T09:00:00Z,99436837147,"trial-olddeps",436,success
guru/refactor/rust-hamt-state-res,33375510107,2026-08-31T09:00:00Z,99436837164,"portdb (3.10, 14)",338,success
guru/refactor/rust-hamt-state-res,33375510107,2026-08-31T09:00:00Z,99436837186,"portdb (3.13, 17)",350,success
guru/refactor/rust-hamt-state-res,33375510107,2026-08-31T09:00:00Z,99436837193,"cargo-bench",69,success
guru/refactor/rust-hamt-state-res,33375510107,2026-08-31T09:00:00Z,99436837199,"calculate-test-jobs",5,success
guru/refactor/rust-hamt-state-res,33375510107,2026-08-31T09:00:00Z,99436837301,"complement / complement (workers, Postgres)",1980,failure
guru/refactor/rust-hamt-state-res,33375510107,2026-08-31T09:00:00Z,99436837341,"complement / complement (hybrid, SQLite (hybrid, tikv))",1184,success
guru/refactor/rust-hamt-state-res,33375510107,2026-08-31T09:00:00Z,99436837358,"complement / complement (monolith, Postgres)",1311,success
guru/refactor/rust-hamt-state-res,33375510107,2026-08-31T09:00:00Z,99436837370,"complement / complement (hybrid, Postgres (hybrid, tikv))",1353,failure
guru/refactor/rust-hamt-state-res,33375510107,2026-08-31T09:00:00Z,99436837371,"complement / complement (workers, Postgres (hybrid, tikv))",2058,failure
guru/refactor/rust-hamt-state-res,33375510107,2026-08-31T09:00:00Z,99436837424,"complement / complement (monolith, SQLite)",1142,success
guru/refactor/rust-hamt-state-res,33375510107,2026-08-31T09:00:00Z,99436838147,"trial-pypy",-1,skipped
guru/refactor/rust-hamt-state-res,33375510107,2026-08-31T09:00:00Z,99436863767,"sytest (bookworm, multi-postgres, workers, asyncio)",1029,success
guru/refactor/rust-hamt-state-res,33375510107,2026-08-31T09:00:00Z,99436863789,"trial (3.10, tikv, all)",717,success
guru/refactor/rust-hamt-state-res,33375510107,2026-08-31T09:00:00Z,99436863820,"sytest (bookworm, multi-postgres, workers)",909,success
guru/refactor/rust-hamt-state-res,33375510107,2026-08-31T09:00:00Z,99436863827,"trial (3.10, sqlite, all)",550,success
guru/refactor/rust-hamt-state-res,33375510107,2026-08-31T09:00:00Z,99436863828,"trial (3.10, postgres, 14, all)",1300,success
guru/refactor/rust-hamt-state-res,33375510107,2026-08-31T09:00:00Z,99436863850,"trial (3.13, postgres, 17, all)",1449,success
guru/refactor/rust-hamt-state-res,33375510107,2026-08-31T09:00:00Z,99436863863,"trial (3.13, sqlite, all)",483,success
guru/refactor/rust-hamt-state-res,33375510107,2026-08-31T09:00:00Z,99436863870,"sytest (bookworm, postgres)",684,success
guru/refactor/rust-hamt-state-res,33375510107,2026-08-31T09:00:00Z,99436863883,"sytest (bookworm)",702,success
guru/refactor/rust-hamt-state-res,33375510107,2026-08-31T09:00:00Z,99436863893,"trial (3.10, sqlite)",474,success
guru/refactor/rust-hamt-state-res,33375510107,2026-08-31T09:00:00Z,99436863923,"sytest (bookworm, multi-postgres, workers, tikv)",1175,success
guru/refactor/rust-hamt-state-res,33375510107,2026-08-31T09:00:00Z,99438305024,"export-data",283,success
guru/refactor/rust-hamt-state-res,33375510107,2026-08-31T09:00:00Z,99445622999,"tests-done",5,failure
guru/refactor/rust-hamt-state-res,33428969771,2026-08-31T19:09:07Z,99609368243,"check-lockfile",7,success
guru/refactor/rust-hamt-state-res,33428969771,2026-08-31T19:09:07Z,99609368509,"changes",5,success
guru/refactor/rust-hamt-state-res,33428969771,2026-08-31T19:09:07Z,99609368582,"lint-crlf",6,success
guru/refactor/rust-hamt-state-res,33428969771,2026-08-31T19:09:07Z,99609369435,"lint-newsfile",-1,skipped
guru/refactor/rust-hamt-state-res,33428969771,2026-08-31T19:09:07Z,99609408503,"lint",160,success
guru/refactor/rust-hamt-state-res,33428969771,2026-08-31T19:09:07Z,99609408529,"check-sampleconfig",80,success
guru/refactor/rust-hamt-state-res,33428969771,2026-08-31T19:09:07Z,99609408588,"check-schema-delta",23,success
guru/refactor/rust-hamt-state-res,33428969771,2026-08-31T19:09:07Z,99609408601,"lint-golangci",27,success
guru/refactor/rust-hamt-state-res,33428969771,2026-08-31T19:09:07Z,99609408609,"lint-rust",60,success
guru/refactor/rust-hamt-state-res,33428969771,2026-08-31T19:09:07Z,99609408626,"lint-clippy-nightly",24,success
guru/refactor/rust-hamt-state-res,33428969771,2026-08-31T19:09:07Z,99609408636,"Typechecking",87,success
guru/refactor/rust-hamt-state-res,33428969771,2026-08-31T19:09:07Z,99609408644,"lint-clippy",28,success
guru/refactor/rust-hamt-state-res,33428969771,2026-08-31T19:09:07Z,99609408679,"lint-rustfmt",20,success
guru/refactor/rust-hamt-state-res,33428969771,2026-08-31T19:09:07Z,99609410205,"lint-readme",-1,skipped
guru/refactor/rust-hamt-state-res,33428969771,2026-08-31T19:09:07Z,99610235828,"linting-done",4,success
guru/refactor/rust-hamt-state-res,33428969771,2026-08-31T19:09:07Z,99610270664,"calculate-test-jobs",7,success
guru/refactor/rust-hamt-state-res,33428969771,2026-08-31T19:09:07Z,99610270743,"trial-tikv",620,success
guru/refactor/rust-hamt-state-res,33428969771,2026-08-31T19:09:07Z,99610270756,"trial-olddeps",502,success
guru/refactor/rust-hamt-state-res,33428969771,2026-08-31T19:09:07Z,99610270841,"portdb (3.10, 14)",335,success
guru/refactor/rust-hamt-state-res,33428969771,2026-08-31T19:09:07Z,99610270858,"portdb (3.13, 17)",332,success
guru/refactor/rust-hamt-state-res,33428969771,2026-08-31T19:09:07Z,99610270881,"cargo-bench",74,success
guru/refactor/rust-hamt-state-res,33428969771,2026-08-31T19:09:07Z,99610270910,"cargo-test",40,success
guru/refactor/rust-hamt-state-res,33428969771,2026-08-31T19:09:07Z,99610271412,"complement / complement (monolith, SQLite)",1483,success
guru/refactor/rust-hamt-state-res,33428969771,2026-08-31T19:09:07Z,99610271424,"complement / complement (workers, Postgres)",1985,failure
guru/refactor/rust-hamt-state-res,33428969771,2026-08-31T19:09:07Z,99610271507,"complement / complement (hybrid, Postgres (hybrid, tikv))",1218,failure
guru/refactor/rust-hamt-state-res,33428969771,2026-08-31T19:09:07Z,99610271570,"complement / complement (workers, Postgres (hybrid, tikv))",2045,failure
guru/refactor/rust-hamt-state-res,33428969771,2026-08-31T19:09:07Z,99610271574,"complement / complement (hybrid, SQLite (hybrid, tikv))",1171,failure
guru/refactor/rust-hamt-state-res,33428969771,2026-08-31T19:09:07Z,99610271631,"complement / complement (monolith, Postgres)",1269,failure
guru/refactor/rust-hamt-state-res,33428969771,2026-08-31T19:09:07Z,99610272960,"trial-pypy",-1,skipped
guru/refactor/rust-hamt-state-res,33428969771,2026-08-31T19:09:07Z,99610322250,"sytest (bookworm, postgres)",819,success
guru/refactor/rust-hamt-state-res,33428969771,2026-08-31T19:09:07Z,99610322254,"sytest (bookworm, multi-postgres, workers, tikv)",1208,failure
guru/refactor/rust-hamt-state-res,33428969771,2026-08-31T19:09:07Z,99610322298,"trial (3.13, postgres, 17, all)",1239,success
guru/refactor/rust-hamt-state-res,33428969771,2026-08-31T19:09:07Z,99610322300,"sytest (bookworm, multi-postgres, workers)",1196,success
guru/refactor/rust-hamt-state-res,33428969771,2026-08-31T19:09:07Z,99610322308,"trial (3.10, postgres, 14, all)",1206,success
guru/refactor/rust-hamt-state-res,33428969771,2026-08-31T19:09:07Z,99610322316,"sytest (bookworm, multi-postgres, workers, asyncio)",1226,success
guru/refactor/rust-hamt-state-res,33428969771,2026-08-31T19:09:07Z,99610322481,"trial (3.10, tikv, all)",649,success
guru/refactor/rust-hamt-state-res,33428969771,2026-08-31T19:09:07Z,99610322503,"sytest (bookworm)",789,success
guru/refactor/rust-hamt-state-res,33428969771,2026-08-31T19:09:07Z,99610322516,"trial (3.10, sqlite, all)",529,success
guru/refactor/rust-hamt-state-res,33428969771,2026-08-31T19:09:07Z,99610322539,"trial (3.13, sqlite, all)",344,success
guru/refactor/rust-hamt-state-res,33428969771,2026-08-31T19:09:07Z,99610322551,"trial (3.10, sqlite)",502,success
guru/refactor/rust-hamt-state-res,33428969771,2026-08-31T19:09:07Z,99612001797,"export-data",277,success
guru/refactor/rust-hamt-state-res,33428969771,2026-08-31T19:09:07Z,99620546623,"tests-done",2,failure
